status	confidence	folder	movie	og_count	external_subtitle_count	internal_subtitle_tracks	default_chinese_tracks	suggested_action	note
DONE_VERIFIED_TEXT_OK	HIGH	/Volumes/分类/华语世界/东南亚/陈哲艺/热带雨	/Volumes/分类/华语世界/东南亚/陈哲艺/热带雨/热带雨.Wet.Season.2019.BDRip.X264.iNT-TLF.mkv	1+	2	2	1	SAFE_TO_PLAN_CLEANUP	track=2 lang=chi/zh default=1 codec=SubRip/SRT cjk=4349 bad=0 lines=2416
DONE_VERIFIED_TEXT_OK	HIGH	/Volumes/分类/华语世界/中国大陆/导演们/娄烨/梦的背后	/Volumes/分类/华语世界/中国大陆/导演们/娄烨/梦的背后/梦的背后.A.Documentary.on.the.Shadow.Play.2018.720p.BluRay.x264.CHS.mkv	1+	1	1	1	SAFE_TO_PLAN_CLEANUP	track=2 lang=chi/zh default=1 codec=SubRip/SRT cjk=13119 bad=0 lines=6807
DONE_VERIFIED_TEXT_OK	HIGH	/Volumes/分类/华语世界/中国大陆/导演们/贾樟柯/汾阳小子贾樟柯	/Volumes/分类/华语世界/中国大陆/导演们/贾樟柯/汾阳小子贾樟柯/汾阳小子贾樟柯.Jia.Zhang.ke.A.Guy.from.Fenyang.2014.BDRip.X264.iNT-TLF.mkv	1+	1	1	1	SAFE_TO_PLAN_CLEANUP	track=2 lang=chi/zh default=1 codec=SubRip/SRT cjk=11327 bad=0 lines=3993
DONE_VERIFIED_TEXT_OK	HIGH	/Volumes/分类/华语世界/台湾/张作骥/蝴蝶	/Volumes/分类/华语世界/台湾/张作骥/蝴蝶/蝴蝶.Soul.of.a.Demon.2008.DVDRip.x264.AC3.iNT-Or2.mkv	1+	1	1	1	SAFE_TO_PLAN_CLEANUP	track=2 lang=chi/zh default=1 codec=SubRip/SRT cjk=6404 bad=0 lines=4153
DONE_PROBABLY_OK	MEDIUM	/Volumes/分类/华语世界/禁/独生子女国度	/Volumes/分类/华语世界/禁/独生子女国度/One.Child.Nation.2019.REPACK.720p.AMZN.WEB-DL.DDP5.1.H.264-KAMIKAZE.mkv	1+	2	22	0	REVIEW_BEFORE_DELETE	track=19 lang=chi/zh default=0 codec=SubRip/SRT cjk=11978 bad=0 lines=4717
DONE_VERIFIED_TEXT_OK	HIGH	/Volumes/分类/传记·一段历史/凯萨与克丽奥佩	/Volumes/分类/传记·一段历史/凯萨与克丽奥佩/凯萨与克丽奥佩拉.Caesar.and.Cleopatra.19....mkv	1+	3	6	1	SAFE_TO_PLAN_CLEANUP	track=2 lang=chi/zh default=0 codec=SubRip/SRT cjk=20111 bad=0 lines=8067
DONE_VERIFIED_TEXT_OK	HIGH	/Volumes/分类/传记·一段历史/席琳	/Volumes/分类/传记·一段历史/席琳/Céline(2008).mkv	1+	2	2	1	SAFE_TO_PLAN_CLEANUP	track=2 lang=chi/zh default=1 codec=SubRip/SRT cjk=7514 bad=0 lines=3586
DONE_PROBABLY_OK	MEDIUM	/Volumes/分类/传记·一段历史/独奏	/Volumes/分类/传记·一段历史/独奏/solo.mkv	1+	3	3	1	REVIEW_BEFORE_DELETE	track=3 lang=chi/zh default=1 codec=SubRip/SRT cjk=771 bad=1 lines=298
DONE_VERIFIED_TEXT_OK	HIGH	/Volumes/分类/传记·一段历史/瓦克拉夫	/Volumes/分类/传记·一段历史/瓦克拉夫/瓦克拉夫.Vaclav.2007.DVDRip.XviD.Cz-ondrask8.mkv	1+	1	1	1	SAFE_TO_PLAN_CLEANUP	track=2 lang=chi/zh default=1 codec=SubRip/SRT cjk=6411 bad=0 lines=2913
DONE_PROBABLY_OK	MEDIUM	/Volumes/分类/传记·一段历史/謝爾蓋·愛森斯坦自傳	/Volumes/分类/传记·一段历史/謝爾蓋·愛森斯坦自傳/Сергей_Эйзенштейн._Автобиография.mkv	1+	2	2	1	REVIEW_BEFORE_DELETE	track=2 lang=chi/zh default=1 codec=SubRip/SRT cjk=2024 bad=1 lines=481
DONE_NEEDS_REVIEW	LOW	/Volumes/分类/动画片/当风吹起的时候	/Volumes/分类/动画片/当风吹起的时候/当风吹起的时候.When.the.Wind.Blows.1986.DVDRip.XviD.MP3-tonetti.mkv	1+	1	1	1	REVIEW_IN_INFUSE	track=2 lang=chi/zh default=1 codec=SubRip/SRT cjk=0 bad=0 lines=0
DONE_VERIFIED_TEXT_OK	HIGH	/Volumes/分类/动画片/我感觉到了我脑后	/Volumes/分类/动画片/我感觉到了我脑后/Ma_kuklas_tunnen_(2007)_(Priit_Parn).mkv	1+	2	2	1	SAFE_TO_PLAN_CLEANUP	track=2 lang=chi/zh default=1 codec=SubRip/SRT cjk=570 bad=0 lines=232
DONE_VERIFIED_TEXT_OK	HIGH	/Volumes/分类/动画片/舞姫	/Volumes/分类/动画片/舞姫/舞姫.mkv	1+	1	1	1	SAFE_TO_PLAN_CLEANUP	track=2 lang=chi/zh default=1 codec=SubRip/SRT cjk=3732 bad=0 lines=1087
DONE_VERIFIED_TEXT_OK	HIGH	/Volumes/分类/动画片/赤色挽歌	/Volumes/分类/动画片/赤色挽歌/赤色エレジー.mkv	1+	1	1	1	SAFE_TO_PLAN_CLEANUP	track=2 lang=chi/zh default=1 codec=SubRip/SRT cjk=2035 bad=0 lines=994
DONE_PROBABLY_OK	MEDIUM	/Volumes/分类/动画片/鬼妈妈	/Volumes/分类/动画片/鬼妈妈/[鬼妈妈].Coraline.DVDRip.XviD-ARROW.mkv	1+	1	1	1	REVIEW_BEFORE_DELETE	track=2 lang=chi/zh default=1 codec=SubRip/SRT cjk=8206 bad=1 lines=4147
DONE_VERIFIED_TEXT_OK	HIGH	/Volumes/分类/动画片/麦兜/麦兜故事	/Volumes/分类/动画片/麦兜/麦兜故事/麦兜故事.My.Life.as.McDull.Proper.2001.DVDRip.X264-My9.mkv	1+	1	1	1	SAFE_TO_PLAN_CLEANUP	track=3 lang=chi/zh default=1 codec=SubRip/SRT cjk=9417 bad=0 lines=3848
DONE_VERIFIED_TEXT_OK	HIGH	/Volumes/分类/公路/一周	/Volumes/分类/公路/一周/一周.One.Week.2008.BDRip.XviD-BeStDivX.mkv	1+	1	1	1	SAFE_TO_PLAN_CLEANUP	track=2 lang=chi/zh default=1 codec=SubRip/SRT cjk=8196 bad=0 lines=3635
DONE_NEEDS_REVIEW	LOW	/Volumes/分类/黑色电影/再见吾爱	/Volumes/分类/黑色电影/再见吾爱/再见吾爱Farewell.My.Lovely.1975.DVDRip.XviD-FiNaLe.mkv	1+	1	1	0	REVIEW_IN_INFUSE	
DONE_NEEDS_REVIEW	LOW	/Volumes/分类/黑色电影/合约杀手	/Volumes/分类/黑色电影/合约杀手/合约杀手This_Gun_For_Hire_(1946).mkv	1+	1	1	0	REVIEW_IN_INFUSE	
DONE_NEEDS_REVIEW	LOW	/Volumes/分类/黑色电影/哭泣的城市	/Volumes/分类/黑色电影/哭泣的城市/哭泣的城市1948.Cry_Of_The_City.DVDRip.mkv	1+	1	1	0	REVIEW_IN_INFUSE	
DONE_NEEDS_REVIEW	LOW	/Volumes/分类/黑色电影/大钟	/Volumes/分类/黑色电影/大钟/大钟The_Big_Clock1948.mkv	1+	1	1	1	REVIEW_IN_INFUSE	track=2 lang=chi/zh default=1 codec=SubRip/SRT cjk=4 bad=0 lines=7244
DONE_NEEDS_REVIEW	LOW	/Volumes/分类/黑色电影/无冕霸王	/Volumes/分类/黑色电影/无冕霸王/无冕霸王The_Harder_They_Fall.mkv	1+	1	1	0	REVIEW_IN_INFUSE	
DONE_NEEDS_REVIEW	LOW	/Volumes/分类/黑色电影/无名街道	/Volumes/分类/黑色电影/无名街道/无名街道The_Street_With_No_Name(1948).mkv	1+	1	1	0	REVIEW_IN_INFUSE	
DONE_NEEDS_REVIEW	LOW	/Volumes/分类/黑色电影/死吻	/Volumes/分类/黑色电影/死吻/死吻.Kiss.of.Death.1947.mkv	1+	1	1	0	REVIEW_IN_INFUSE	
DONE_NEEDS_REVIEW	LOW	/Volumes/分类/黑色电影/海角之魂	/Volumes/分类/黑色电影/海角之魂/海角之魂.Act.of.Violence.1948.mkv	1+	1	1	0	REVIEW_IN_INFUSE	
DONE_NEEDS_REVIEW	LOW	/Volumes/分类/黑色电影/狂恋	/Volumes/分类/黑色电影/狂恋/狂恋Leave_Her_To_Heaven1945.mkv	1+	1	1	0	REVIEW_IN_INFUSE	
DONE_NEEDS_REVIEW	LOW	/Volumes/分类/黑色电影/狙击手	/Volumes/分类/黑色电影/狙击手/狙击手The_Sniper_(1962).mkv	1+	1	1	0	REVIEW_IN_INFUSE	
NEW_OR_PENDING	UNKNOWN	/Volumes/分类/黑色电影/痛苦的报酬	/Volumes/分类/黑色电影/痛苦的报酬/痛苦的报酬Force.Of.Evil.1948.DVDRip.x264.mkv	0	1			ADD_TO_MUX_QUEUE	movie plus external subtitles, no OG movie
NEW_OR_PENDING	UNKNOWN	/Volumes/分类/黑色电影/罗拉秘史	/Volumes/分类/黑色电影/罗拉秘史/Laura.1944.DVDRip.x264.mkv	0	3			ADD_TO_MUX_QUEUE	movie plus external subtitles, no OG movie
DONE_NEEDS_REVIEW	LOW	/Volumes/分类/黑色电影/追踪	/Volumes/分类/黑色电影/追踪/追踪Pursued_(1947).mkv	1+	1	1	0	REVIEW_IN_INFUSE	
DONE_NEEDS_REVIEW	LOW	/Volumes/分类/黑色电影/阵容	/Volumes/分类/黑色电影/阵容/阵容The_Lineup_(1958).mkv	1+	1	1	0	REVIEW_IN_INFUSE	
DONE_NEEDS_REVIEW	LOW	/Volumes/分类/黑色电影/满洲候选人	/Volumes/分类/黑色电影/满洲候选人/满洲候选人.The.Manchurian.Candidate.1962.CC.BDRip.X264.iNT-TLF.mkv	1+	2	2	1	REVIEW_IN_INFUSE	track=2 lang=chi/zh default=1 codec=SubRip/SRT cjk=149 bad=19980 lines=6523
DONE_NEEDS_REVIEW	LOW	/Volumes/分类/恐怖/恐怖女子高校	/Volumes/分类/恐怖/恐怖女子高校/恐怖女子高校.mkv	1+	1	1	1	REVIEW_IN_INFUSE	track=2 lang=chi/zh default=1 codec=SubRip/SRT cjk=0 bad=0 lines=0
DONE_NEEDS_REVIEW	LOW	/Volumes/分类/音乐/贫民嘻哈王	/Volumes/分类/音乐/贫民嘻哈王/Favela.Rising.2005.DVDRip.XviD-Pedr1nho.mkv	1+	2	2	1	REVIEW_IN_INFUSE	track=2 lang=chi/zh default=1 codec=SubRip/SRT cjk=72 bad=17389 lines=4071
DONE_VERIFIED_TEXT_OK	HIGH	/Volumes/分类/战争/光之屋	/Volumes/分类/战争/光之屋/Maria.Saakian.Mayak.mkv	1+	1	3	1	SAFE_TO_PLAN_CLEANUP	track=4 lang=chi/zh default=1 codec=SubRip/SRT cjk=3325 bad=0 lines=2126
DONE_PROBABLY_OK	MEDIUM	/Volumes/分类/战争/最后的列车	/Volumes/分类/战争/最后的列车/Posl.Poezd.mkv	1+	2	2	1	REVIEW_BEFORE_DELETE	track=2 lang=chi/zh default=1 codec=SubRip/SRT cjk=4145 bad=1 lines=1696
NEW_OR_PENDING	UNKNOWN	/Volumes/分类/爱情/如何被爱	/Volumes/分类/爱情/如何被爱/如何被爱.mkv	0	1			ADD_TO_MUX_QUEUE	movie plus external subtitles, no OG movie
DONE_VERIFIED_TEXT_OK	HIGH	/Volumes/分类/爱情/情定日落桥	/Volumes/分类/爱情/情定日落桥/a.little.romance.1979.dvdrip.xvid-javaopera.mkv	1+	1	1	1	SAFE_TO_PLAN_CLEANUP	track=2 lang=chi/zh default=1 codec=SubRip/SRT cjk=13561 bad=0 lines=5649
DONE_VERIFIED_TEXT_OK	HIGH	/Volumes/分类/爱情/我一直深爱着你	/Volumes/分类/爱情/我一直深爱着你/我一直深爱着你.mkv	1+	1	5	1	SAFE_TO_PLAN_CLEANUP	track=6 lang=chi/zh default=1 codec=SubRip/SRT cjk=11342 bad=0 lines=5849
DONE_NEEDS_REVIEW	LOW	/Volumes/分类/爱情/爱情灵药	/Volumes/分类/爱情/爱情灵药/爱情灵药.Better.Than.Sex.2002.DVDRip.D.mkv	1+	1	1	0	REVIEW_IN_INFUSE	
DONE_VERIFIED_TEXT_OK	HIGH	/Volumes/分类/爱情/爱的回忆	/Volumes/分类/爱情/爱的回忆/Loving.Memory.1969.BDRip.XviD-AEN.mkv	1+	1	1	1	SAFE_TO_PLAN_CLEANUP	track=2 lang=chi/zh default=1 codec=SubRip/SRT cjk=2327 bad=0 lines=1084
DONE_VERIFIED_TEXT_OK	HIGH	/Volumes/分类/纪录/一米四	/Volumes/分类/纪录/一米四/Einsvierzig.1980.Ulrich.Seidl.Xvid.KG-stahl.mkv	1+	1	1	1	SAFE_TO_PLAN_CLEANUP	track=2 lang=chi/zh default=1 codec=SubRip/SRT cjk=2013 bad=0 lines=698
DONE_VERIFIED_TEXT_OK	HIGH	/Volumes/分类/纪录/今日达尔富尔	/Volumes/分类/纪录/今日达尔富尔/今日达尔富尔Darfur_Now_2007_LiMiTED_DVDRip_XviD_iGNiTE.mkv	1+	3	3	1	SAFE_TO_PLAN_CLEANUP	track=2 lang=chi/zh default=1 codec=SubRip/SRT cjk=13257 bad=0 lines=4592
DONE_VERIFIED_TEXT_OK	HIGH	/Volumes/分类/纪录/佩索阿遇上卡瓦菲斯的那个夜晚	/Volumes/分类/纪录/佩索阿遇上卡瓦菲斯的那个夜晚/佩索阿遇上卡瓦菲斯的那个夜晚the+Night+Fernando+Pessoa+Met+Constantin....mkv	1+	1	1	1	SAFE_TO_PLAN_CLEANUP	track=2 lang=chi/zh default=1 codec=SubRip/SRT cjk=10005 bad=0 lines=3372
DONE_PROBABLY_OK	MEDIUM	/Volumes/分类/纪录/冢本图鉴	/Volumes/分类/纪录/冢本图鉴/Basic_Tsukamoto.mkv	1+	3	3	1	REVIEW_BEFORE_DELETE	track=2 lang=chi/zh default=1 codec=SubRip/SRT cjk=8561 bad=1 lines=2617
DONE_VERIFIED_TEXT_OK	HIGH	/Volumes/分类/纪录/天地玄黄	/Volumes/分类/纪录/天地玄黄/天地玄黄.Baraka.1992.BDRip.x264-BMDru.mkv	1+	1	1	1	SAFE_TO_PLAN_CLEANUP	track=2 lang=chi/zh default=1 codec=SubRip/SRT cjk=1255 bad=0 lines=624
DONE_PROBABLY_OK	MEDIUM	/Volumes/分类/纪录/天明屋尚：新·武士藝術	/Volumes/分类/纪录/天明屋尚：新·武士藝術/Near.Equal.Tenmyouya.Hisashi.2006.DVDRip.XviD-MOC.mkv	1+	2	2	1	REVIEW_BEFORE_DELETE	track=2 lang=chi/zh default=1 codec=SubRip/SRT cjk=7894 bad=1 lines=2759
DONE_VERIFIED_TEXT_OK	HIGH	/Volumes/分类/纪录/威尼斯和她的情人们	/Volumes/分类/纪录/威尼斯和她的情人们/Venise_et_ses_amants.mkv	1+	3	3	1	SAFE_TO_PLAN_CLEANUP	track=4 lang=chi/zh default=1 codec=SubRip/SRT cjk=1277 bad=0 lines=337
DONE_VERIFIED_TEXT_OK	HIGH	/Volumes/分类/纪录/宛若索鸟	/Volumes/分类/纪录/宛若索鸟/Wie_ein_Vogel_auf_dem_draht.mkv	1+	1	1	1	SAFE_TO_PLAN_CLEANUP	track=2 lang=chi/zh default=1 codec=SubRip/SRT cjk=6088 bad=0 lines=2184
DONE_NEEDS_REVIEW	LOW	/Volumes/分类/纪录/家园	/Volumes/分类/纪录/家园/家园.Home.2009.Bluray.480p.AC3.x264-CHD.mkv	1+	1	1	0	REVIEW_IN_INFUSE	
DONE_NEEDS_REVIEW	LOW	/Volumes/分类/纪录/愚昧年代	/Volumes/分类/纪录/愚昧年代/愚昧年代.The.Age.of.Stupid.2009.LiMiTED.DVDRip.XviD-LPD.mkv	1+	1	1	1	REVIEW_IN_INFUSE	track=2 lang=chi/zh default=1 codec=SubRip/SRT cjk=58 bad=17447 lines=4086
DONE_VERIFIED_TEXT_OK	HIGH	/Volumes/分类/纪录/房屋是黑的	/Volumes/分类/纪录/房屋是黑的/FFarrokhzad_TheHouse_Is_Black.mkv	1+	1	1	1	SAFE_TO_PLAN_CLEANUP	track=2 lang=chi/zh default=1 codec=SubRip/SRT cjk=1365 bad=0 lines=584
DONE_PROBABLY_OK	MEDIUM	/Volumes/分类/纪录/會田誠 無氣力大陸	/Volumes/分类/纪录/會田誠 無氣力大陸/Near.Equal.Aida.Makoto.2004.DVDRip.XviD-MOC.mkv	1+	3	3	1	REVIEW_BEFORE_DELETE	track=3 lang=chi/zh default=1 codec=SubRip/SRT cjk=10230 bad=1 lines=3888
DONE_VERIFIED_TEXT_OK	HIGH	/Volumes/分类/纪录/月之阴影	/Volumes/分类/纪录/月之阴影/月之阴影.In.The.Shadow.Of.The.Moon.2007.x264.AC3-WAF.mkv	1+	1	1	1	SAFE_TO_PLAN_CLEANUP	track=2 lang=chi/zh default=1 codec=SubRip/SRT cjk=13674 bad=0 lines=5689
DONE_VERIFIED_TEXT_OK	HIGH	/Volumes/分类/纪录/柏林愛樂和第三帝國	/Volumes/分类/纪录/柏林愛樂和第三帝國/Reichsorchester,_die_Berliner_Philharmoniker_und_der_NS.mkv	1+	1	1	1	SAFE_TO_PLAN_CLEANUP	track=2 lang=chi/zh default=1 codec=SubRip/SRT cjk=3613 bad=0 lines=796
DONE_VERIFIED_TEXT_OK	HIGH	/Volumes/分类/纪录/石头记录的历史——托卡伊山麓篇	/Volumes/分类/纪录/石头记录的历史——托卡伊山麓篇/Miklos_Jancso-A_kovek_uzenete_HEGYALJA_(1993).mkv	1+	2	2	1	SAFE_TO_PLAN_CLEANUP	track=3 lang=chi/zh default=1 codec=SubRip/SRT cjk=1557 bad=0 lines=491
DONE_PROBABLY_OK	MEDIUM	/Volumes/分类/纪录/舟越桂：低語呢喃的凝視	/Volumes/分类/纪录/舟越桂：低語呢喃的凝視/Near.Equal.Funakoshi.Katsura.2004.DVDRip.XviD-MOC.mkv	1+	2	2	1	REVIEW_BEFORE_DELETE	track=2 lang=chi/zh default=1 codec=SubRip/SRT cjk=10919 bad=1 lines=3926
NEW_OR_PENDING	UNKNOWN	/Volumes/分类/纪录/街拍皇帝	/Volumes/分类/纪录/街拍皇帝/街拍鼻祖比尔.Bill.Cunningham.New.York.2010.LIMITED.DVDRip.XviD-IGUANA.qvocd.com.mkv	0	1			ADD_TO_MUX_QUEUE	movie plus external subtitles, no OG movie
DONE_VERIFIED_TEXT_OK	HIGH	/Volumes/分类/纪录/设计面面观	/Volumes/分类/纪录/设计面面观/Objectified.mkv	1+	1	1	1	SAFE_TO_PLAN_CLEANUP	track=2 lang=chi/zh default=1 codec=SubRip/SRT cjk=13378 bad=0 lines=3625
DONE_PROBABLY_OK	MEDIUM	/Volumes/分类/纪录/贝洛夫兄妹	/Volumes/分类/纪录/贝洛夫兄妹/俄罗斯-Viktor.Kosakovsky-1993-贝洛夫兄妹-the.belovs'.mkv	1+	1	1	1	REVIEW_BEFORE_DELETE	track=2 lang=chi/zh default=1 codec=SubRip/SRT cjk=6197 bad=1 lines=1907
DONE_VERIFIED_TEXT_OK	HIGH	/Volumes/分类/纪录/车站	/Volumes/分类/纪录/车站/车站LaStazione.mkv	1+	2	2	1	SAFE_TO_PLAN_CLEANUP	track=3 lang=chi/zh default=1 codec=SubRip/SRT cjk=458 bad=0 lines=129
DONE_PROBABLY_OK	MEDIUM	/Volumes/分类/纪录/阿沃·帕特：24个序幕	/Volumes/分类/纪录/阿沃·帕特：24个序幕/阿沃·帕特：24个序幕.mkv	1+	5	5	1	REVIEW_BEFORE_DELETE	track=5 lang=chi/zh default=0 codec=SubRip/SRT cjk=6420 bad=1 lines=2497
DONE_VERIFIED_TEXT_OK	HIGH	/Volumes/分类/纪录/夏日纪事	/Volumes/分类/纪录/夏日纪事/夏日纪事.Chronicle.of.a.Summer.1961.CC.BDRip.X264.iNT-TLF.mkv	1+	2	2	1	SAFE_TO_PLAN_CLEANUP	track=2 lang=chi/zh default=1 codec=SubRip/SRT cjk=11640 bad=0 lines=4590
DONE_NEEDS_REVIEW	LOW	/Volumes/分类/科幻·奇幻/下妻物语	/Volumes/分类/科幻·奇幻/下妻物语/下妻物语.mkv	1+	2	2	1	REVIEW_IN_INFUSE	track=2 lang=chi/zh default=1 codec=SubStationAlpha cjk=127 bad=16009 lines=1410
DONE_VERIFIED_TEXT_OK	HIGH	/Volumes/分类/科幻·奇幻/公寓少女	/Volumes/分类/科幻·奇幻/公寓少女/Fine_mrtve_djevojke_cro_(2002_DVDRip_kris93)_of_crowebs.mkv	1+	2	2	1	SAFE_TO_PLAN_CLEANUP	track=2 lang=chi/zh default=1 codec=SubRip/SRT cjk=7315 bad=0 lines=2526
DONE_VERIFIED_TEXT_OK	HIGH	/Volumes/分类/科幻·奇幻/化身博士	/Volumes/分类/科幻·奇幻/化身博士/Dr.Jekyll.and.Mr.Hyde.1941.DVDRip.XviD-FRAGMENT.mkv	1+	2	2	1	SAFE_TO_PLAN_CLEANUP	track=2 lang=chi/zh default=1 codec=SubRip/SRT cjk=13479 bad=0 lines=5143
DONE_VERIFIED_TEXT_OK	HIGH	/Volumes/分类/科幻·奇幻/小木人	/Volumes/分类/科幻·奇幻/小木人/waste-knerten.dvdrip.xvid.mkv	1+	2	2	1	SAFE_TO_PLAN_CLEANUP	track=2 lang=chi/zh default=1 codec=SubRip/SRT cjk=5940 bad=0 lines=2684
DONE_NEEDS_REVIEW	LOW	/Volumes/分类/科幻·奇幻/巧克力情人	/Volumes/分类/科幻·奇幻/巧克力情人/巧克力情人.Como.Agua.para.Chocolate.1992.Spanish.DVDRip.DivX.mkv	1+	1	1	1	REVIEW_IN_INFUSE	track=2 lang=chi/zh default=1 codec=SubRip/SRT cjk=3777 bad=3626 lines=4186
DONE_VERIFIED_TEXT_OK	HIGH	/Volumes/分类/科幻·奇幻/恐怖游轮	/Volumes/分类/科幻·奇幻/恐怖游轮/恐怖游轮.Triangle.2009.BDRip.X264-TLF.mkv	1+	1	1	1	SAFE_TO_PLAN_CLEANUP	track=2 lang=chi/zh default=1 codec=SubRip/SRT cjk=6483 bad=0 lines=3449
NEW_OR_PENDING	UNKNOWN	/Volumes/分类/科幻·奇幻/新外星人	/Volumes/分类/科幻·奇幻/新外星人/Mac and Me.1988.DVDRip.AC3.XviD-ShitBusters.mkv	0	1			ADD_TO_MUX_QUEUE	movie plus external subtitles, no OG movie
DONE_NEEDS_REVIEW	LOW	/Volumes/分类/科幻·奇幻/月孩	/Volumes/分类/科幻·奇幻/月孩/月孩.mkv	1+	1	1	0	REVIEW_IN_INFUSE	
DONE_VERIFIED_TEXT_OK	HIGH	/Volumes/分类/科幻·奇幻/睡衣男異次元空間	/Volumes/分类/科幻·奇幻/睡衣男異次元空間/睡衣男異次元空間.Symbol.2009.JAP.DVDRip.XviD-GiNJi.mkv	1+	2	2	1	SAFE_TO_PLAN_CLEANUP	track=2 lang=chi/zh default=1 codec=SubRip/SRT cjk=1543 bad=0 lines=1057
DONE_NEEDS_REVIEW	LOW	/Volumes/分类/科幻·奇幻/空气之魂，云之精灵	/Volumes/分类/科幻·奇幻/空气之魂，云之精灵/Spirits Of The Air Gremlins Of The Clouds.mkv	1+	1	1	0	REVIEW_IN_INFUSE	
DONE_VERIFIED_TEXT_OK	HIGH	/Volumes/分类/科幻·奇幻/蝇王	/Volumes/分类/科幻·奇幻/蝇王/蝇王.Lord.of.the.Flies.1990.DVDRip.DivX.mkv	1+	1	1	1	SAFE_TO_PLAN_CLEANUP	track=2 lang=chi/zh default=1 codec=SubRip/SRT cjk=6248 bad=0 lines=3156
DONE_VERIFIED_TEXT_OK	HIGH	/Volumes/分类/短篇集/七月	/Volumes/分类/短篇集/七月/七月Shilde+(Darezhan+Omirbayev_+1988).mkv	1+	4	4	1	SAFE_TO_PLAN_CLEANUP	track=4 lang=chi/zh default=1 codec=SubRip/SRT cjk=334 bad=0 lines=197
DONE_VERIFIED_TEXT_OK	HIGH	/Volumes/分类/短篇集/二十岁之恋	/Volumes/分类/短篇集/二十岁之恋/二十岁之恋Love.at.Twenty.1962.mkv	1+	2	2	1	SAFE_TO_PLAN_CLEANUP	track=2 lang=chi/zh default=1 codec=SubRip/SRT cjk=9354 bad=0 lines=3566
DONE_VERIFIED_TEXT_OK	HIGH	/Volumes/分类/短篇集/亚尔斯	/Volumes/分类/短篇集/亚尔斯/Ars.mkv	1+	1	1	1	SAFE_TO_PLAN_CLEANUP	track=2 lang=chi/zh default=1 codec=SubRip/SRT cjk=2640 bad=0 lines=1053
DONE_PROBABLY_OK	MEDIUM	/Volumes/分类/短篇集/人权故事（短篇集）	/Volumes/分类/短篇集/人权故事（短篇集）/sohr_cut3.mkv	1+	2	4	1	REVIEW_BEFORE_DELETE	track=2 lang=chi/zh default=0 codec=SubRip/SRT cjk=2355 bad=1 lines=953
DONE_VERIFIED_TEXT_OK	HIGH	/Volumes/分类/短篇集/全州电影节三人三色/About Love	/Volumes/分类/短篇集/全州电影节三人三色/About Love/About_Love.mkv	1+	2	2	1	SAFE_TO_PLAN_CLEANUP	track=3 lang=chi/zh default=1 codec=SubRip/SRT cjk=2339 bad=0 lines=766
DONE_VERIFIED_TEXT_OK	HIGH	/Volumes/分类/短篇集/全州电影节三人三色/No Day Off	/Volumes/分类/短篇集/全州电影节三人三色/No Day Off/No_Day_Off.mkv	1+	2	2	1	SAFE_TO_PLAN_CLEANUP	track=2 lang=chi/zh default=1 codec=SubRip/SRT cjk=5269 bad=0 lines=2170
DONE_VERIFIED_TEXT_OK	HIGH	/Volumes/分类/短篇集/全州电影节三人三色/Twelve Twenty	/Volumes/分类/短篇集/全州电影节三人三色/Twelve Twenty/Twelve_Twenty.mkv	1+	1	1	1	SAFE_TO_PLAN_CLEANUP	track=2 lang=chi/zh default=1 codec=SubRip/SRT cjk=1188 bad=0 lines=487
DONE_VERIFIED_TEXT_OK	HIGH	/Volumes/分类/短篇集/列车	/Volumes/分类/短篇集/列车/列车omnibus.mkv	1+	2	2	1	SAFE_TO_PLAN_CLEANUP	track=2 lang=chi/zh default=1 codec=SubRip/SRT cjk=919 bad=0 lines=521
DONE_VERIFIED_TEXT_OK	HIGH	/Volumes/分类/短篇集/受监护人	/Volumes/分类/短篇集/受监护人/Sticenik.DVDRip.XviD-CG.mkv	1+	2	2	1	SAFE_TO_PLAN_CLEANUP	track=2 lang=chi/zh default=1 codec=SubRip/SRT cjk=971 bad=0 lines=481
DONE_NEEDS_REVIEW	LOW	/Volumes/分类/短篇集/古尔德的32个短片	/Volumes/分类/短篇集/古尔德的32个短片/Thirty Two Short Films About Glenn Gould.mkv	1+	1	1	0	REVIEW_IN_INFUSE	
DONE_NEEDS_REVIEW	LOW	/Volumes/分类/短篇集/囚鸟	/Volumes/分类/短篇集/囚鸟/Lajos.Lázár.-.Rabmadár.1929.TVRip.DivX-SzBalazs.mkv	1+	1	1	0	REVIEW_IN_INFUSE	
DONE_VERIFIED_TEXT_OK	HIGH	/Volumes/分类/短篇集/堤	/Volumes/分类/短篇集/堤/la jet閑.mkv	1+	1	4	1	SAFE_TO_PLAN_CLEANUP	track=6 lang=chi/zh default=1 codec=SubRip/SRT cjk=2205 bad=0 lines=761
DONE_VERIFIED_TEXT_OK	HIGH	/Volumes/分类/短篇集/大多数人生活在中国	/Volumes/分类/短篇集/大多数人生活在中国/2002_[大多数人生活在中国].mkv	1+	1	1	1	SAFE_TO_PLAN_CLEANUP	track=2 lang=chi/zh default=1 codec=SubRip/SRT cjk=4689 bad=0 lines=2163
DONE_VERIFIED_TEXT_OK	HIGH	/Volumes/分类/短篇集/安德里耶什	/Volumes/分类/短篇集/安德里耶什/Andriech.Serguei+Paradjanov.pedro.mkv	1+	1	1	1	SAFE_TO_PLAN_CLEANUP	track=2 lang=chi/zh default=1 codec=SubRip/SRT cjk=3648 bad=0 lines=1589
DONE_PROBABLY_OK	MEDIUM	/Volumes/分类/短篇集/拉丽莎	/Volumes/分类/短篇集/拉丽莎/Larisa-1980-Elem.Klimov.mkv	1+	3	3	1	REVIEW_BEFORE_DELETE	track=3 lang=chi/zh default=1 codec=SubRip/SRT cjk=2375 bad=1 lines=832
DONE_VERIFIED_TEXT_OK	HIGH	/Volumes/分类/短篇集/新房客	/Volumes/分类/短篇集/新房客/新房客The.New.Tenants.2009.Short.Film-ultrafluke.mkv	1+	1	1	1	SAFE_TO_PLAN_CLEANUP	track=2 lang=chi/zh default=1 codec=SubRip/SRT cjk=1977 bad=0 lines=769
DONE_VERIFIED_TEXT_OK	HIGH	/Volumes/分类/短篇集/朦胧的赫拉克利特	/Volumes/分类/短篇集/朦胧的赫拉克利特/Heraclite l'obscur.mkv	1+	2	2	1	SAFE_TO_PLAN_CLEANUP	track=2 lang=chi/zh default=1 codec=SubRip/SRT cjk=1488 bad=0 lines=512
DONE_NEEDS_REVIEW	LOW	/Volumes/分类/短篇集/机器人嘉年华	/Volumes/分类/短篇集/机器人嘉年华/[机器人嘉年华].[elite-manga][Robot.Carnival]-[x264.HeAAC2.5.1][JAP.FR.Sub.FR].mkv	1+	1	2	0	REVIEW_IN_INFUSE	
DONE_VERIFIED_TEXT_OK	HIGH	/Volumes/分类/短篇集/梦精	/Volumes/分类/短篇集/梦精/1973-Nicholas_Ray_and_various_-_Wet_dreams.mkv	1+	2	2	1	SAFE_TO_PLAN_CLEANUP	track=3 lang=chi/zh default=1 codec=SubRip/SRT cjk=1839 bad=0 lines=802
DONE_NEEDS_REVIEW	LOW	/Volumes/分类/短篇集/深渊	/Volumes/分类/短篇集/深渊/The_Abyss.mkv	1+	1	1	0	REVIEW_IN_INFUSE	
DONE_VERIFIED_TEXT_OK	HIGH	/Volumes/分类/短篇集/游泳的好日子	/Volumes/分类/短篇集/游泳的好日子/o zi buna de plaja (bogdan mustata, 2007).mkv	1+	1	1	1	SAFE_TO_PLAN_CLEANUP	track=2 lang=chi/zh default=1 codec=SubRip/SRT cjk=204 bad=0 lines=97
DONE_NEEDS_REVIEW	LOW	/Volumes/分类/短篇集/火车到站	/Volumes/分类/短篇集/火车到站/Trofim (Aleksei Balabanov) 1995.mkv	1+	1	1	0	REVIEW_IN_INFUSE	
DONE_VERIFIED_TEXT_OK	HIGH	/Volumes/分类/短篇集/电影人的假期	/Volumes/分类/短篇集/电影人的假期/电影人的假期les_vacances_du_cineaste.mkv	1+	1	1	1	SAFE_TO_PLAN_CLEANUP	track=2 lang=chi/zh default=1 codec=SubRip/SRT cjk=2386 bad=0 lines=963
DONE_VERIFIED_TEXT_OK	HIGH	/Volumes/分类/短篇集/看雨	/Volumes/分类/短篇集/看雨/Ver_Llover.mkv	1+	2	2	1	SAFE_TO_PLAN_CLEANUP	track=2 lang=chi/zh default=1 codec=SubRip/SRT cjk=442 bad=0 lines=327
DONE_VERIFIED_TEXT_OK	HIGH	/Volumes/分类/短篇集/纪念日快乐！	/Volumes/分类/短篇集/纪念日快乐！/Heureux_Anniversaire-1962.mkv	1+	1	1	1	SAFE_TO_PLAN_CLEANUP	track=2 lang=chi/zh default=1 codec=SubRip/SRT cjk=361 bad=0 lines=224
DONE_PROBABLY_OK	MEDIUM	/Volumes/分类/短篇集/维尔纽斯童话	/Volumes/分类/短篇集/维尔纽斯童话/Vilniaus_pasaka_[lt-sub_en].mkv	1+	2	2	1	REVIEW_BEFORE_DELETE	track=2 lang=chi/zh default=1 codec=SubRip/SRT cjk=1154 bad=1 lines=656
DONE_NEEDS_REVIEW	LOW	/Volumes/分类/短篇集/美好的一天	/Volumes/分类/短篇集/美好的一天/Jan Jakub Kolski - Ladny Dzien [1988].mkv	1+	2	2	1	REVIEW_IN_INFUSE	track=2 lang=chi/zh default=1 codec=SubRip/SRT cjk=1 bad=935 lines=286
DONE_NEEDS_REVIEW	LOW	/Volumes/分类/短篇集/蜥蜴的变换	/Volumes/分类/短篇集/蜥蜴的变换/Paul Verhoeven - Een Hagedis teveel (1960).mkv	1+	2	2	1	REVIEW_IN_INFUSE	track=2 lang=chi/zh default=1 codec=SubRip/SRT cjk=0 bad=0 lines=0
DONE_NEEDS_REVIEW	LOW	/Volumes/分类/短篇集/银行事件	/Volumes/分类/短篇集/银行事件/银行事件.mkv	1+	1	1	0	REVIEW_IN_INFUSE	
DONE_VERIFIED_TEXT_OK	HIGH	/Volumes/分类/短篇集/非关欲望	/Volumes/分类/短篇集/非关欲望/InSpiteOfWishingAndWanting2002.mkv	1+	2	6	1	SAFE_TO_PLAN_CLEANUP	track=6 lang=chi/zh default=1 codec=SubRip/SRT cjk=2389 bad=0 lines=1219
DONE_VERIFIED_TEXT_OK	HIGH	/Volumes/分类/短篇集/马车夫	/Volumes/分类/短篇集/马车夫/borom_sarret.mkv	1+	1	1	1	SAFE_TO_PLAN_CLEANUP	track=2 lang=chi/zh default=1 codec=SubRip/SRT cjk=952 bad=0 lines=502
DONE_VERIFIED_TEXT_OK	HIGH	/Volumes/分类/短篇集/骚红	/Volumes/分类/短篇集/骚红/Blush2005.mkv	1+	3	7	1	SAFE_TO_PLAN_CLEANUP	track=6 lang=chi/zh default=1 codec=SubRip/SRT cjk=1535 bad=0 lines=567
DONE_NEEDS_REVIEW	LOW	/Volumes/分类/合集/要分类/勇往直前	/Volumes/分类/合集/要分类/勇往直前/The.lonious.Monk-Straight.No.Chaser.Divx.mkv	1+	1	1	0	REVIEW_IN_INFUSE	
DONE_VERIFIED_TEXT_OK	HIGH	/Volumes/分类/合集/要分类/45th.1988.[圣洁酒徒的传奇].The Legend of the Holy Drinker	/Volumes/分类/合集/要分类/45th.1988.[圣洁酒徒的传奇].The Legend of the Holy Drinker/1988.圣洁酒徒的传奇Ermanno_Olmi-La_Leggenda_del_santo_bevitore-CD1.mkv	1+	4	4	1	SAFE_TO_PLAN_CLEANUP	track=2 lang=chi/zh default=1 codec=SubRip/SRT cjk=1751 bad=0 lines=861
DONE_VERIFIED_TEXT_OK	HIGH	/Volumes/分类/合集/AFI百年百部经典/【飞屋】AFI's.100.Years.100.Movies-Part10	/Volumes/分类/合集/AFI百年百部经典/【飞屋】AFI's.100.Years.100.Movies-Part10/Part10.奇幻电影.Fantastic.Flights.DVDRip.x264-AeroHut.mkv	1+	1	1	1	SAFE_TO_PLAN_CLEANUP	track=2 lang=chi/zh default=1 codec=SubRip/SRT cjk=8296 bad=0 lines=3041
DONE_VERIFIED_TEXT_OK	HIGH	/Volumes/分类/合集/AFI百年百部经典/【飞屋】AFI's.100.Years.100.Movies-Part2	/Volumes/分类/合集/AFI百年百部经典/【飞屋】AFI's.100.Years.100.Movies-Part2/Part2.法律边缘.Beyond.the.Law.DVDRip.x264-AeroHut.mkv	1+	1	1	1	SAFE_TO_PLAN_CLEANUP	track=2 lang=chi/zh default=1 codec=SubRip/SRT cjk=8577 bad=0 lines=3520
DONE_VERIFIED_TEXT_OK	HIGH	/Volumes/分类/合集/AFI百年百部经典/【飞屋】AFI's.100.Years.100.Movies-Part3	/Volumes/分类/合集/AFI百年百部经典/【飞屋】AFI's.100.Years.100.Movies-Part3/Part3.家庭事务.Family.Affairs.DVDRip.x264-AeroHut.mkv	1+	1	1	1	SAFE_TO_PLAN_CLEANUP	track=2 lang=chi/zh default=1 codec=SubRip/SRT cjk=7857 bad=0 lines=3122
DONE_VERIFIED_TEXT_OK	HIGH	/Volumes/分类/合集/AFI百年百部经典/【飞屋】AFI's.100.Years.100.Movies-Part4	/Volumes/分类/合集/AFI百年百部经典/【飞屋】AFI's.100.Years.100.Movies-Part4/Part4.探索之途.In.Search.of.DVDRip.x264-AeroHut.mkv	1+	1	1	1	SAFE_TO_PLAN_CLEANUP	track=2 lang=chi/zh default=1 codec=SubRip/SRT cjk=8663 bad=0 lines=3140
DONE_VERIFIED_TEXT_OK	HIGH	/Volumes/分类/合集/AFI百年百部经典/【飞屋】AFI's.100.Years.100.Movies-Part6	/Volumes/分类/合集/AFI百年百部经典/【飞屋】AFI's.100.Years.100.Movies-Part6/Part6.战争与和平.War.and.Peace.DVDRip.x264-AeroHut.mkv	1+	1	1	1	SAFE_TO_PLAN_CLEANUP	track=2 lang=chi/zh default=1 codec=SubRip/SRT cjk=7263 bad=0 lines=2963
NEW_OR_PENDING	UNKNOWN	/Volumes/分类/合集/AFI百年百部经典/【飞屋】AFI's.100.Years.100.Movies-Part7	/Volumes/分类/合集/AFI百年百部经典/【飞屋】AFI's.100.Years.100.Movies-Part7/Part7.爱的迷惘.Wilder.Shores.of.Love.DVDRip.x264-AeroHut.mkv	0	1			ADD_TO_MUX_QUEUE	movie plus external subtitles, no OG movie
NEW_OR_PENDING	UNKNOWN	/Volumes/分类/合集/AFI百年百部经典/【飞屋】AFI's.100.Years.100.Movies-Part8	/Volumes/分类/合集/AFI百年百部经典/【飞屋】AFI's.100.Years.100.Movies-Part8/Part8.另类英雄.Anti.Heroes.DVDRip.x264-AeroHut.mkv	0	1			ADD_TO_MUX_QUEUE	movie plus external subtitles, no OG movie
DONE_VERIFIED_TEXT_OK	HIGH	/Volumes/分类/合集/AFI百年百部经典/【飞屋】AFI's.100.Years.100.Movies-Part9	/Volumes/分类/合集/AFI百年百部经典/【飞屋】AFI's.100.Years.100.Movies-Part9/Part9.失控的恐惧.Out.of.Control.DVDRip.x264-AeroHut.mkv	1+	1	1	1	SAFE_TO_PLAN_CLEANUP	track=2 lang=chi/zh default=1 codec=SubRip/SRT cjk=7604 bad=0 lines=3181
DONE_VERIFIED_TEXT_OK	HIGH	/Volumes/分类/合集/AFI百年百部经典/【飞屋】AFI's.100.Years.100.Movies-Part1	/Volumes/分类/合集/AFI百年百部经典/【飞屋】AFI's.100.Years.100.Movies-Part1/Part1.英雄本色.Against.the.Grain.DVDRip.x264-AeroHut.mkv	1+	1	1	1	SAFE_TO_PLAN_CLEANUP	track=2 lang=chi/zh default=1 codec=SubRip/SRT cjk=8536 bad=0 lines=3570
DONE_NEEDS_REVIEW	LOW	/Volumes/分类/名著改编/卡夫卡电影作品集/城堡	/Volumes/分类/名著改编/卡夫卡电影作品集/城堡/Das+Schloss+(1968).Tv-Rip+3Sat.20.10.2004+[NO+SUB].mkv	1+	3	1	0	REVIEW_IN_INFUSE	
DONE_VERIFIED_TEXT_OK	HIGH	/Volumes/分类/歌舞/是的	/Volumes/分类/歌舞/是的/Yes.2025.1080p.WEB-DL.AAC2.0.H.264-Phallus.mkv	1+	1	4	1	SAFE_TO_PLAN_CLEANUP	track=5 lang=chi/zh default=1 codec=SubRip/SRT cjk=9314 bad=0 lines=4871
DONE_VERIFIED_TEXT_OK	HIGH	/Volumes/分类/喜剧/四只狮子	/Volumes/分类/喜剧/四只狮子/[四头狮子].Four.Lions.LIMITED.DVDRip.XviD-SAPHiRE.chs.srt.mkv	1+	1	1	1	SAFE_TO_PLAN_CLEANUP	track=2 lang=chi/zh default=1 codec=SubRip/SRT cjk=16193 bad=0 lines=6780
NEW_OR_PENDING	UNKNOWN	/Volumes/分类/喜剧/图潘	/Volumes/分类/喜剧/图潘/图潘.Tulpan.2008.DVDRip.XviD-CoWRY.mkv	0	1			ADD_TO_MUX_QUEUE	movie plus external subtitles, no OG movie
DONE_VERIFIED_TEXT_OK	HIGH	/Volumes/分类/喜剧/家族遗愿	/Volumes/分类/喜剧/家族遗愿/家族遗愿.the.drummond.will-taste.mkv	1+	1	1	1	SAFE_TO_PLAN_CLEANUP	track=2 lang=chi/zh default=1 codec=SubRip/SRT cjk=9822 bad=0 lines=3989
DONE_VERIFIED_TEXT_OK	HIGH	/Volumes/分类/喜剧/我最好的朋友	/Volumes/分类/喜剧/我最好的朋友/My.Best.Friend.2006.DVDRip.XviD-FRAGMENT.mkv	1+	3	3	1	SAFE_TO_PLAN_CLEANUP	track=2 lang=chi/zh default=1 codec=SubRip/SRT cjk=12406 bad=0 lines=5740
DONE_NEEDS_REVIEW	LOW	/Volumes/分类/喜剧/我生命中最美好的夜晚	/Volumes/分类/喜剧/我生命中最美好的夜晚/我生命中最美好的夜晚 La Piu   Bella Serata Della Mia Vita.mkv	1+	1	1	0	REVIEW_IN_INFUSE	
DONE_VERIFIED_TEXT_OK	HIGH	/Volumes/分类/喜剧/普朗克博士	/Volumes/分类/喜剧/普朗克博士/普伦克博士Dr.Plonk_2007.mkv	1+	2	2	1	SAFE_TO_PLAN_CLEANUP	track=2 lang=chi/zh default=1 codec=SubRip/SRT cjk=866 bad=0 lines=356
DONE_NEEDS_REVIEW	LOW	/Volumes/分类/喜剧/橡树	/Volumes/分类/喜剧/橡树/Balanta.1992.Pintilie.(The.Oak).(Le.Chene).DVDivx5.mkv	1+	1	1	0	REVIEW_IN_INFUSE	
DONE_VERIFIED_TEXT_OK	HIGH	/Volumes/分类/喜剧/海之外	/Volumes/分类/喜剧/海之外/海之外.Out.to.Sea.1997.DVDRip.WS.XviD.AC3.6ch.MovieExtreme.mkv	1+	3	3	1	SAFE_TO_PLAN_CLEANUP	track=4 lang=chi/zh default=0 codec=SubRip/SRT cjk=15388 bad=0 lines=6971
DONE_VERIFIED_TEXT_OK	HIGH	/Volumes/分类/喜剧/灵魂歌手	/Volumes/分类/喜剧/灵魂歌手/灵魂歌手.Soul.Men.2008.PROPER.DVDRip.XviD-VoMiT.mkv	1+	2	2	1	SAFE_TO_PLAN_CLEANUP	track=2 lang=chi/zh default=1 codec=SubRip/SRT cjk=16505 bad=0 lines=8253
DONE_VERIFIED_TEXT_OK	HIGH	/Volumes/分类/喜剧/爱上冰山的女人	/Volumes/分类/喜剧/爱上冰山的女人/愛上冰山的女人Liceberg-faye-xvid.mkv	1+	1	1	1	SAFE_TO_PLAN_CLEANUP	track=2 lang=chi/zh default=1 codec=SubRip/SRT cjk=673 bad=0 lines=370
DONE_VERIFIED_TEXT_OK	HIGH	/Volumes/分类/喜剧/爱我就让我快乐	/Volumes/分类/喜剧/爱我就让我快乐/爱我就让我快乐.Solondz,.Todd.1998.Happiness.mkv	1+	1	1	1	SAFE_TO_PLAN_CLEANUP	track=2 lang=chi/zh default=1 codec=SubRip/SRT cjk=11592 bad=0 lines=7537
DONE_NEEDS_REVIEW	LOW	/Volumes/分类/喜剧/简单西蒙	/Volumes/分类/喜剧/简单西蒙/I.Rymden.Finns.Inga.K_nslor.2010.SWEDISH.DVDRip.XviD-Pride86.mkv	1+	1	1	0	REVIEW_IN_INFUSE	
DONE_VERIFIED_TEXT_OK	HIGH	/Volumes/分类/喜剧/网名之战	/Volumes/分类/喜剧/网名之战/网名之战fico-dotcom.mkv	1+	2	2	1	SAFE_TO_PLAN_CLEANUP	track=2 lang=chi/zh default=1 codec=SubRip/SRT cjk=9081 bad=0 lines=3769
DONE_PROBABLY_OK	MEDIUM	/Volumes/分类/喜剧/罗宾逊我的英国祖父	/Volumes/分类/喜剧/罗宾逊我的英国祖父/罗宾逊我的英国祖父robinzoniada.ili.moj.anglijskij.dedushka-muxed.mkv	1+	3	6	1	REVIEW_BEFORE_DELETE	track=2 lang=chi/zh default=0 codec=SubRip/SRT cjk=4970 bad=1 lines=1976
DONE_VERIFIED_TEXT_OK	HIGH	/Volumes/分类/喜剧/莫扎特区	/Volumes/分类/喜剧/莫扎特区/Jean-Pierre_Bekolo_-_Quartier_Mozart.mkv	1+	1	1	1	SAFE_TO_PLAN_CLEANUP	track=2 lang=chi/zh default=1 codec=SubRip/SRT cjk=6547 bad=0 lines=3831
DONE_NEEDS_REVIEW	LOW	/Volumes/分类/喜剧/蓬车队(英字)	/Volumes/分类/喜剧/蓬车队(英字)/The_Band_Wagon_(1953).mkv	1+	1	1	0	REVIEW_IN_INFUSE	
DONE_VERIFIED_TEXT_OK	HIGH	/Volumes/分类/喜剧/迟到的婚礼	/Volumes/分类/喜剧/迟到的婚礼/Late[1].Marriage.2001..mkv	1+	1	1	1	SAFE_TO_PLAN_CLEANUP	track=2 lang=chi/zh default=1 codec=SubRip/SRT cjk=7857 bad=0 lines=4049
DONE_VERIFIED_TEXT_OK	HIGH	/Volumes/分类/喜剧/阿尔菲	/Volumes/分类/喜剧/阿尔菲/Alfie_(1966).mkv	1+	2	2	1	SAFE_TO_PLAN_CLEANUP	track=2 lang=chi/zh default=1 codec=SubRip/SRT cjk=16375 bad=0 lines=6374
DONE_NEEDS_REVIEW	LOW	/Volumes/分类/喜剧/隔壁的八重	/Volumes/分类/喜剧/隔壁的八重/Our_Neighbor,_Miss_Yae.mkv	1+	1	1	0	REVIEW_IN_INFUSE	
DONE_VERIFIED_TEXT_OK	HIGH	/Volumes/分类/喜剧/大市民	/Volumes/分类/喜剧/大市民/Metropolitan.1990.CC.BDRip.X264.iNT-TLF.mkv	1+	3	3	1	SAFE_TO_PLAN_CLEANUP	track=3 lang=chi/zh default=1 codec=SubRip/SRT cjk=17921 bad=0 lines=6102
DONE_NEEDS_REVIEW	LOW	/Volumes/分类/怪兽/绿液惊魂	/Volumes/分类/怪兽/绿液惊魂/Cold.Storage.2026.2160p.AMZN.WEB.DL.DDP5.1.H.265.BYNDR.mkv	1+	1	4	0	REVIEW_IN_INFUSE	
DONE_VERIFIED_TEXT_OK	HIGH	/Volumes/分类/惊悚·犯罪·动作/11：14	/Volumes/分类/惊悚·犯罪·动作/11：14/11点14.11.14.2003.BDRip.X264-TLF.mkv	1+	1	1	1	SAFE_TO_PLAN_CLEANUP	track=2 lang=chi/zh default=1 codec=SubRip/SRT cjk=4736 bad=0 lines=3327
DONE_NEEDS_REVIEW	LOW	/Volumes/分类/惊悚·犯罪·动作/后院	/Volumes/分类/惊悚·犯罪·动作/后院/后院.Backyard.2009.DVDRip.XviD-VoMiT.mkv	1+	1	1	1	REVIEW_IN_INFUSE	track=2 lang=chi/zh default=1 codec=SubRip/SRT cjk=0 bad=0 lines=0
DONE_VERIFIED_TEXT_OK	HIGH	/Volumes/分类/惊悚·犯罪·动作/告密者	/Volumes/分类/惊悚·犯罪·动作/告密者/告密者.The.Informer.1935.528x384.24fps.96kbs.96mp3.WunSeeDee.mkv	1+	2	2	1	SAFE_TO_PLAN_CLEANUP	track=2 lang=chi/zh default=1 codec=SubRip/SRT cjk=10143 bad=0 lines=4372
DONE_VERIFIED_TEXT_OK	HIGH	/Volumes/分类/惊悚·犯罪·动作/审问	/Volumes/分类/惊悚·犯罪·动作/审问/przesluchanie.mkv	1+	2	2	1	SAFE_TO_PLAN_CLEANUP	track=2 lang=chi/zh default=1 codec=SubRip/SRT cjk=9090 bad=0 lines=4305
DONE_NEEDS_REVIEW	LOW	/Volumes/分类/惊悚·犯罪·动作/无水之池	/Volumes/分类/惊悚·犯罪·动作/无水之池/Koji_Wakamatsu_-_A_pool_without_water_-_evil_XviD.mkv	1+	1	1	0	REVIEW_IN_INFUSE	
DONE_VERIFIED_TEXT_OK	HIGH	/Volumes/分类/惊悚·犯罪·动作/来自玛茹西亚的信	/Volumes/分类/惊悚·犯罪·动作/来自玛茹西亚的信/Actas_de_Marusia.mkv	1+	1	1	1	SAFE_TO_PLAN_CLEANUP	track=2 lang=chi/zh default=1 codec=SubRip/SRT cjk=6682 bad=0 lines=3781
DONE_VERIFIED_TEXT_OK	HIGH	/Volumes/分类/惊悚·犯罪·动作/真相至上	/Volumes/分类/惊悚·犯罪·动作/真相至上/真相至上.Nothing.But.The.Truth.2008.LiMiTED.DVDRiP.XViD-ARiGOLD.mkv	1+	1	1	1	SAFE_TO_PLAN_CLEANUP	track=2 lang=chi/zh default=1 codec=SubRip/SRT cjk=18305 bad=0 lines=7161
DONE_VERIFIED_TEXT_OK	HIGH	/Volumes/分类/惊悚·犯罪·动作/被窃油画的假设	/Volumes/分类/惊悚·犯罪·动作/被窃油画的假设/Raoul_Ruiz,_La_Hypothèse_du_tableau_volé,_1979.mkv	1+	3	3	1	SAFE_TO_PLAN_CLEANUP	track=2 lang=chi/zh default=1 codec=SubRip/SRT cjk=6610 bad=0 lines=2786
DONE_VERIFIED_TEXT_OK	HIGH	/Volumes/分类/惊悚·犯罪·动作/你从未在此	/Volumes/分类/惊悚·犯罪·动作/你从未在此/You.Were.Never.Really.Here.2017.BDRip.X264.iNT-TLF.mkv	1+	1	1	1	SAFE_TO_PLAN_CLEANUP	track=2 lang=chi/zh default=1 codec=SubRip/SRT cjk=2318 bad=0 lines=1732
DONE_NEEDS_REVIEW	LOW	/Volumes/分类/青春·儿童/不害臊的姑娘	/Volumes/分类/青春·儿童/不害臊的姑娘/不害臊的姑娘.L.Effrontée.1985.mkv	1+	1	1	1	REVIEW_IN_INFUSE	track=2 lang=chi/zh default=1 codec=SubRip/SRT cjk=0 bad=0 lines=0
DONE_VERIFIED_TEXT_OK	HIGH	/Volumes/分类/青春·儿童/保罗街小子们	/Volumes/分类/青春·儿童/保罗街小子们/保罗街小子们.Pal-utcai.fiuk.Boys.from.Paul.Street.1969.Zoltan.Fabri.mkv	1+	1	1	1	SAFE_TO_PLAN_CLEANUP	track=2 lang=chi/zh default=1 codec=SubRip/SRT cjk=10615 bad=0 lines=4836
DONE_NEEDS_REVIEW	LOW	/Volumes/分类/青春·儿童/出生证明	/Volumes/分类/青春·儿童/出生证明/出生证明Birth.Certificate.1961.DVDRip.XviD-WRD.mkv	1+	2	2	0	REVIEW_IN_INFUSE	
DONE_VERIFIED_TEXT_OK	HIGH	/Volumes/分类/青春·儿童/和谐课程	/Volumes/分类/青春·儿童/和谐课程/Lecon.d.harmonie.2013.FR.DVDRip.mkv	1+	1	2	1	SAFE_TO_PLAN_CLEANUP	track=3 lang=chi/zh default=1 codec=SubRip/SRT cjk=7311 bad=0 lines=3177
DONE_VERIFIED_TEXT_OK	HIGH	/Volumes/分类/青春·儿童/我是一只鹳	/Volumes/分类/青春·儿童/我是一只鹳/鹳的孩子.Je.suis.né.d'.une.cigogne.1999-J.mkv	1+	1	1	1	SAFE_TO_PLAN_CLEANUP	track=2 lang=chi/zh default=1 codec=SubRip/SRT cjk=6251 bad=0 lines=3718
DONE_NEEDS_REVIEW	LOW	/Volumes/分类/青春·儿童/污泥	/Volumes/分类/青春·儿童/污泥/美国-Jeff.Nichols-2012-污泥Mud.720p.WEB-DL.H264-PublicHD.mkv	1+	1	2	0	REVIEW_IN_INFUSE	
DONE_NEEDS_REVIEW	LOW	/Volumes/分类/青春·儿童/爱上凯斯	/Volumes/分类/青春·儿童/爱上凯斯/爱上凯斯.Keith.2008.LiMiTED.DVDRip.XviD-XanaX.mkv	1+	1	1	1	REVIEW_IN_INFUSE	track=2 lang=chi/zh default=1 codec=SubRip/SRT cjk=157 bad=13087 lines=4361
DONE_VERIFIED_TEXT_OK	HIGH	/Volumes/分类/#recycle/科幻·奇幻/百事一代	/Volumes/分类/#recycle/科幻·奇幻/百事一代/Generation.P.2011.DVDripAVC.mkv	1+	3	3	1	SAFE_TO_PLAN_CLEANUP	track=2 lang=chi/zh default=1 codec=SubRip/SRT cjk=17034 bad=0 lines=4318
DONE_NEEDS_REVIEW	LOW	/Volumes/分类/#recycle/音乐/午夜旋律		1	2			MANUAL_REVIEW	OG exists but current movie count is 0
NEW_OR_PENDING	UNKNOWN	/Volumes/导演们/让·雷诺阿/风中双骑	/Volumes/导演们/让·雷诺阿/风中双骑/风中双骑.Saddle.the.Wind.1958.mkv	0	1			ADD_TO_MUX_QUEUE	movie plus external subtitles, no OG movie
DONE_VERIFIED_TEXT_OK	HIGH	/Volumes/导演们/大卫·林奇/我心狂野	/Volumes/导演们/大卫·林奇/我心狂野/我心狂野.Wild.At.Heart.1990.BDRip.X264-TLF.mkv	1+	1	1	1	SAFE_TO_PLAN_CLEANUP	track=2 lang=chi/zh default=1 codec=SubRip/SRT cjk=9444 bad=0 lines=4321
NEW_OR_PENDING	UNKNOWN	/Volumes/导演们/弗里茨·朗/夜澜人未静	/Volumes/导演们/弗里茨·朗/夜澜人未静/夜澜人未静.While.The.City.Sleeps.1956.mkv	0	1			ADD_TO_MUX_QUEUE	movie plus external subtitles, no OG movie
NEW_OR_PENDING	UNKNOWN	/Volumes/导演们/弗里茨·朗/恶人牧场	/Volumes/导演们/弗里茨·朗/恶人牧场/恶人牧场.Rancho.Notorious.1952.DVDRip.XviD-iMMORTALs.mkv	0	2			ADD_TO_MUX_QUEUE	movie plus external subtitles, no OG movie
NEW_OR_PENDING	UNKNOWN	/Volumes/导演们/罗伊·安德森/羁旅情愫	/Volumes/导演们/罗伊·安德森/羁旅情愫/羁旅情愫.Giliap.1975.mkv	0	1			ADD_TO_MUX_QUEUE	movie plus external subtitles, no OG movie
NEW_OR_PENDING	UNKNOWN	/Volumes/导演们/让·尤斯塔奇/下流故事	/Volumes/导演们/让·尤斯塔奇/下流故事/下流故事.Jean.Eustache-Une.sale.histoire.1977.mkv	0	1			ADD_TO_MUX_QUEUE	movie plus external subtitles, no OG movie
NEW_OR_PENDING	UNKNOWN	/Volumes/导演们/让·尤斯塔奇/甜蜜坏朋友	/Volumes/导演们/让·尤斯塔奇/甜蜜坏朋友/甜蜜坏朋友.Les.mauvaises.fréquentations.1963.mkv	0	1			ADD_TO_MUX_QUEUE	movie plus external subtitles, no OG movie
NEW_OR_PENDING	UNKNOWN	/Volumes/导演们/让·尤斯塔奇/蓝眼睛的圣诞老人	/Volumes/导演们/让·尤斯塔奇/蓝眼睛的圣诞老人/蓝眼睛的圣诞老人.Le.Pere.Noel.a.Les.Yeux.Bleus.1966.mkv	0	1			ADD_TO_MUX_QUEUE	movie plus external subtitles, no OG movie
NEW_OR_PENDING	UNKNOWN	/Volumes/导演们/让·尤斯塔奇/阿历克斯的照片	/Volumes/导演们/让·尤斯塔奇/阿历克斯的照片/阿历克斯的照片.Jean.Eustache.Short.Films.1963-1980.(Les.Mauvaises.frequentations.Le.Pere.Noel.a.les.yeux.bleus.Une.sale.histoire.Les.Photos.d.Alix).-.AUESS.mkv	0	1			ADD_TO_MUX_QUEUE	movie plus external subtitles, no OG movie
NEW_OR_PENDING	UNKNOWN	/Volumes/导演们/约翰.休斯顿/夜阑人未静	/Volumes/导演们/约翰.休斯顿/夜阑人未静/夜阑人未静.The.Asphalt.Jungle.1950.CC.BDRip.X264.iNT-TLF.mkv	0	2			ADD_TO_MUX_QUEUE	movie plus external subtitles, no OG movie
NEW_OR_PENDING	UNKNOWN	/Volumes/导演们/罗伯特·布列松/梦想者四夜	/Volumes/导演们/罗伯特·布列松/梦想者四夜/一个梦想者的四个夜晚.Quatre.nuits.d.un.reveur.1971.mkv	0	1			ADD_TO_MUX_QUEUE	movie plus external subtitles, no OG movie
NEW_OR_PENDING	UNKNOWN	/Volumes/导演们/马丁·斯科塞斯/冷血霹雳火	/Volumes/导演们/马丁·斯科塞斯/冷血霹雳火/冷血霹雳火.Boxcar.Bertha.1972.Martin.Scorsese.mkv	0	1			ADD_TO_MUX_QUEUE	movie plus external subtitles, no OG movie
NEW_OR_PENDING	UNKNOWN	/Volumes/导演们/米哈依尔·卡拉托佐夫/未寄出的信	/Volumes/导演们/米哈依尔·卡拉托佐夫/未寄出的信/未寄出的信.Letter.Never.Sent.1959.CC.BDRip.X264.iNT-TLF.mkv	0	2			ADD_TO_MUX_QUEUE	movie plus external subtitles, no OG movie
NEW_OR_PENDING	UNKNOWN	/Volumes/导演们/让·吕克.戈达尔/东风	/Volumes/导演们/让·吕克.戈达尔/东风/东风.Groupe.Dziga.Vertov.-.Le.vent.d'est.1970.mkv	0	1			ADD_TO_MUX_QUEUE	movie plus external subtitles, no OG movie
NEW_OR_PENDING	UNKNOWN	/Volumes/导演们/让·吕克.戈达尔/当戈达尔遇到伍迪艾伦	/Volumes/导演们/让·吕克.戈达尔/当戈达尔遇到伍迪艾伦/当戈达尔遇到伍迪艾伦.Meeting.Woody.Allen.1986.mkv	0	1			ADD_TO_MUX_QUEUE	movie plus external subtitles, no OG movie
NEW_OR_PENDING	UNKNOWN	/Volumes/导演们/让·吕克.戈达尔/德国玖零	/Volumes/导演们/让·吕克.戈达尔/德国玖零/德国玖零.1991.Allemagne.90.Neuf.Zero.mkv	0	2			ADD_TO_MUX_QUEUE	movie plus external subtitles, no OG movie
NEW_OR_PENDING	UNKNOWN	/Volumes/导演们/阿基·考里斯马基/列宁格勒牛仔遇见摩西	/Volumes/导演们/阿基·考里斯马基/列宁格勒牛仔遇见摩西/列宁格勒牛仔遇见摩西.Leningrad.Cowboys.Meet.Moses.1994.iNTERNAL.DVDRip.XviD-iLS.mkv	0	1			ADD_TO_MUX_QUEUE	movie plus external subtitles, no OG movie
NEW_OR_PENDING	UNKNOWN	/Volumes/导演们/阿基·考里斯马基/尤哈	/Volumes/导演们/阿基·考里斯马基/尤哈/尤哈.Juha.1999.mkv	0	2			ADD_TO_MUX_QUEUE	movie plus external subtitles, no OG movie
NEW_OR_PENDING	UNKNOWN	/Volumes/导演们/阿莫多瓦/空乘情人	/Volumes/导演们/阿莫多瓦/空乘情人/空乘情人.I'm.So.Excited.2013.BluRay.720p.x264.AC3.iNT-TLF.mkv	0	1			ADD_TO_MUX_QUEUE	movie plus external subtitles, no OG movie
NEW_OR_PENDING	UNKNOWN	/Volumes/导演们/阿涅斯·瓦尔达/(2002)艾格妮捡风景：两年后 Les glaneurs et la glaneuse... deux ans après	/Volumes/导演们/阿涅斯·瓦尔达/(2002)艾格妮捡风景：两年后 Les glaneurs et la glaneuse... deux ans après/艾格妮捡风景两年后.Les.Glaneurs.et.la.glaneuse.deux.ans.apres.2002.Agnes.Varda.mkv	0	1			ADD_TO_MUX_QUEUE	movie plus external subtitles, no OG movie
NEW_OR_PENDING	UNKNOWN	/Volumes/导演们/阿涅斯·瓦尔达/(2003)飞逝的狮子 Le lion volatil	/Volumes/导演们/阿涅斯·瓦尔达/(2003)飞逝的狮子 Le lion volatil/飞逝的狮子.Le.lion.volatil.2003.Agnes.Varda.mkv	0	3			ADD_TO_MUX_QUEUE	movie plus external subtitles, no OG movie
NEW_OR_PENDING	UNKNOWN	/Volumes/导演们/阿涅斯·瓦尔达/三颗纽扣	/Volumes/导演们/阿涅斯·瓦尔达/三颗纽扣/Les.3.boutons.2015.三颗纽扣.中文字幕(自带英文硬字).1024x576.VP9-DMR.mkv	0	1			ADD_TO_MUX_QUEUE	movie plus external subtitles, no OG movie
NEW_OR_PENDING	UNKNOWN	/Volumes/导演们/阿涅斯·瓦尔达/创造物	/Volumes/导演们/阿涅斯·瓦尔达/创造物/创造物.Les.Créatures.1966.mkv	0	1			ADD_TO_MUX_QUEUE	movie plus external subtitles, no OG movie
NEW_OR_PENDING	UNKNOWN	/Volumes/导演们/达内兄弟/孩子	/Volumes/导演们/达内兄弟/孩子/孩子.The.Child.2005.LiMiTED.DVDRiP.XviD-HLS.mkv	0	2			ADD_TO_MUX_QUEUE	movie plus external subtitles, no OG movie
NEW_OR_PENDING	UNKNOWN	/Volumes/导演们/达内兄弟/年轻的阿迈德	/Volumes/导演们/达内兄弟/年轻的阿迈德/年轻的阿迈德.Young.Ahmed.2019.BDRip.X264.iNT-TLF.Chinese.mkv	0	1			ADD_TO_MUX_QUEUE	movie plus external subtitles, no OG movie
NEW_OR_PENDING	UNKNOWN	/Volumes/导演们/达内兄弟/他人之子	/Volumes/导演们/达内兄弟/他人之子/另一个儿子.Le.Fils.de.l.autre.2012.The.Other.Son.BDRip.X264.iNT-TLF.mkv	0	3			ADD_TO_MUX_QUEUE	movie plus external subtitles, no OG movie
NEW_OR_PENDING	UNKNOWN	/Volumes/导演们/雷德利·斯科特/古驰家族	/Volumes/导演们/雷德利·斯科特/古驰家族/古驰家族.House.of.Gucci.2021.BDRip.X264.iNT-TLF.mkv	0	3			ADD_TO_MUX_QUEUE	movie plus external subtitles, no OG movie
NEW_OR_PENDING	UNKNOWN	/Volumes/导演们/雷德利·斯科特/银翼杀手	/Volumes/导演们/雷德利·斯科特/银翼杀手/银翼杀手.Blade.Runner.1982.Final.Cut.BDRip.X264.iNT-TLF.mkv	0	1			ADD_TO_MUX_QUEUE	movie plus external subtitles, no OG movie
NEW_OR_PENDING	UNKNOWN	/Volumes/导演们/路易斯·布努埃尔/白日美人	/Volumes/导演们/路易斯·布努埃尔/白日美人/白日美人.Belle.de.jour.1967.CC.BDRip.X264.iNT-TLF.mkv	0	2			ADD_TO_MUX_QUEUE	movie plus external subtitles, no OG movie
NEW_OR_PENDING	UNKNOWN	/Volumes/导演们/罗伯特·奥尔特曼/凡高与提奥	/Volumes/导演们/罗伯特·奥尔特曼/凡高与提奥/凡高与提奥.Robert.Altman.1990.Vincent.&.Theo.mkv	0	1			ADD_TO_MUX_QUEUE	movie plus external subtitles, no OG movie
NEW_OR_PENDING	UNKNOWN	/Volumes/导演们/罗伯特·奥尔特曼/花村	/Volumes/导演们/罗伯特·奥尔特曼/花村/花村.McCabe.and.Mrs.Miller.1971.muxed.mkv	0	2			ADD_TO_MUX_QUEUE	movie plus external subtitles, no OG movie
NEW_OR_PENDING	UNKNOWN	/Volumes/导演们/马克斯·奥菲尔斯/Komedie om geld	/Volumes/导演们/马克斯·奥菲尔斯/Komedie om geld/Komedie.om.Geld.1936.Ophuls.mkv	0	1			ADD_TO_MUX_QUEUE	movie plus external subtitles, no OG movie
NEW_OR_PENDING	UNKNOWN	/Volumes/导演们/马克斯·奥菲尔斯/大笑的继承人	/Volumes/导演们/马克斯·奥菲尔斯/大笑的继承人/大笑的继承人.Lachende.Erben.1933.mkv	0	1			ADD_TO_MUX_QUEUE	movie plus external subtitles, no OG movie
NEW_OR_PENDING	UNKNOWN	/Volumes/导演们/马克斯·奥菲尔斯/没有明天	/Volumes/导演们/马克斯·奥菲尔斯/没有明天/没有明天.Sans.lendemain.1939.mkv	0	1			ADD_TO_MUX_QUEUE	movie plus external subtitles, no OG movie
NEW_OR_PENDING	UNKNOWN	/Volumes/导演们/马克斯·奥菲尔斯/温柔的敌人	/Volumes/导演们/马克斯·奥菲尔斯/温柔的敌人/温柔的敌人.La.Tendre.Ennemie.1936.Max.Ophuls.mkv	0	1			ADD_TO_MUX_QUEUE	movie plus external subtitles, no OG movie
NEW_OR_PENDING	UNKNOWN	/Volumes/导演们/马克斯·奥菲尔斯/维特	/Volumes/导演们/马克斯·奥菲尔斯/维特/维特.Le.Roman.de.Werther.1938.mkv	0	1			ADD_TO_MUX_QUEUE	movie plus external subtitles, no OG movie
NEW_OR_PENDING	UNKNOWN	/Volumes/导演们/米洛斯·福尔曼/黑彼得	/Volumes/导演们/米洛斯·福尔曼/黑彼得/黑彼得.Cerny.Petr.1964.Milos.Forman.mkv	0	1			ADD_TO_MUX_QUEUE	movie plus external subtitles, no OG movie
NEW_OR_PENDING	UNKNOWN	/Volumes/导演们/约翰·卡萨维茨/明妮与莫斯科威兹	/Volumes/导演们/约翰·卡萨维茨/明妮与莫斯科威兹/明妮与莫斯科威兹.Minnie.and.Moskowitz.1971.DVDRip.XviD.AC3.mkv	0	1			ADD_TO_MUX_QUEUE	movie plus external subtitles, no OG movie
NEW_OR_PENDING	UNKNOWN	/Volumes/导演们/阿彼察邦·韦拉斯哈古/祝福	/Volumes/导演们/阿彼察邦·韦拉斯哈古/祝福/祝福.Apichatpong.Weerasethakul.-.Sud.Sanaeha.(Blissfully.Yours).2002.(1).mkv	0	1			ADD_TO_MUX_QUEUE	movie plus external subtitles, no OG movie
NEW_OR_PENDING	UNKNOWN	/Volumes/导演们/河濑直美/万华镜	/Volumes/导演们/河濑直美/万华镜/万华镜.Naomi.Kawase-Manguekyo.(.Kaleidoscope.).1999.mkv	0	1			ADD_TO_MUX_QUEUE	movie plus external subtitles, no OG movie
NEW_OR_PENDING	UNKNOWN	/Volumes/导演们/河濑直美/太阳西斜	/Volumes/导演们/河濑直美/太阳西斜/太阳西斜.Naomi.Kawase-Hi.wa.Katabuki.(.Sun.on.the.Horizon.).1996.mkv	0	1			ADD_TO_MUX_QUEUE	movie plus external subtitles, no OG movie
NEW_OR_PENDING	UNKNOWN	/Volumes/导演们/法斯宾德/卡斯特婆婆升天记	/Volumes/导演们/法斯宾德/卡斯特婆婆升天记/卡斯特婆婆升天记.Mutter.Kusters.Fahrt.zum.Himmel.1975.mkv	0	1			ADD_TO_MUX_QUEUE	movie plus external subtitles, no OG movie
NEW_OR_PENDING	UNKNOWN	/Volumes/导演们/杰兹·斯科利莫夫斯基/情色	/Volumes/导演们/杰兹·斯科利莫夫斯基/情色/情色.Erotyk.1960.aka.Erotique.mkv	0	1			ADD_TO_MUX_QUEUE	movie plus external subtitles, no OG movie
NEW_OR_PENDING	UNKNOWN	/Volumes/导演们/杰兹·斯科利莫夫斯基/栅栏	/Volumes/导演们/杰兹·斯科利莫夫斯基/栅栏/栅栏.Bariera.1966.mkv	0	1			ADD_TO_MUX_QUEUE	movie plus external subtitles, no OG movie
NEW_OR_PENDING	UNKNOWN	/Volumes/导演们/杰兹·斯科利莫夫斯基/要钱还是要命	/Volumes/导演们/杰兹·斯科利莫夫斯基/要钱还是要命/要钱还是要命.Jerzy.Skolimowski.-.Pieniadze.albo.zycie.1961.chs.mkv	0	1			ADD_TO_MUX_QUEUE	movie plus external subtitles, no OG movie
NEW_OR_PENDING	UNKNOWN	/Volumes/导演们/杰兹·斯科利莫夫斯基/轻取	/Volumes/导演们/杰兹·斯科利莫夫斯基/轻取/轻取.1965.Walkower.mkv	0	1			ADD_TO_MUX_QUEUE	movie plus external subtitles, no OG movie
DONE_VERIFIED_TEXT_OK	HIGH	/Volumes/导演们/斯蒂芬·乌赫尔/三个女儿	/Volumes/导演们/斯蒂芬·乌赫尔/三个女儿/三个女儿.Tri.dcery.1968.mkv	1+	2	2	1	SAFE_TO_PLAN_CLEANUP	track=2 lang=chi/zh default=1 codec=SubRip/SRT cjk=8060 bad=0 lines=3457
DONE_NEEDS_REVIEW	LOW	/Volumes/导演们/斯特劳布于勒夫妇/弗尔蒂尼和卡尼	/Volumes/导演们/斯特劳布于勒夫妇/弗尔蒂尼和卡尼/弗尔蒂尼和卡尼.Fortini.Cani.1976.mkv	1+	1	1	0	REVIEW_IN_INFUSE	
NEW_OR_PENDING	UNKNOWN	/Volumes/导演们/斯特劳布于勒夫妇/洛林	/Volumes/导演们/斯特劳布于勒夫妇/洛林/洛林.Danièle.Huillet.&.Jean-Marie.Straub.-.Lothringen!.1994.mkv	0	1			ADD_TO_MUX_QUEUE	movie plus external subtitles, no OG movie
NEW_OR_PENDING	UNKNOWN	/Volumes/导演们/斯特劳布于勒夫妇/索福克勒斯的安提戈涅	/Volumes/导演们/斯特劳布于勒夫妇/索福克勒斯的安提戈涅/索福克勒斯的安提戈涅.Antigone.1992.Jean-Marie.Straub.Daniele.Huillet.Dvdrip.mkv	0	1			ADD_TO_MUX_QUEUE	movie plus external subtitles, no OG movie
NEW_OR_PENDING	UNKNOWN	/Volumes/导演们/特伦斯·戴维斯/漫长的一天结束了	/Volumes/导演们/特伦斯·戴维斯/漫长的一天结束了/漫长的一天结束了.The.Long.Day.Closes.1992.WS.DVDRip.XViD.iNT-EwDp.NO-RAR.mkv	0	1			ADD_TO_MUX_QUEUE	movie plus external subtitles, no OG movie
NEW_OR_PENDING	UNKNOWN	/Volumes/导演们/贝拉·塔尔/麦莱锡福利旅店	/Volumes/导演们/贝拉·塔尔/麦莱锡福利旅店/麦莱锡福利旅店.Hotel.Magnezit.1980.mkv	0	1			ADD_TO_MUX_QUEUE	movie plus external subtitles, no OG movie
NEW_OR_PENDING	UNKNOWN	/Volumes/导演们/波·维德伯格/今生今世	/Volumes/导演们/波·维德伯格/今生今世/今生今世.Elvira.Madigan.1967.DivX.AC3.mkv	0	1			ADD_TO_MUX_QUEUE	movie plus external subtitles, no OG movie
NEW_OR_PENDING	UNKNOWN	/Volumes/导演们/波·维德伯格/满城风雨	/Volumes/导演们/波·维德伯格/满城风雨/满城风雨.Bo.Widerberg.-.Mannen.på.taket.1976.mkv	0	1			ADD_TO_MUX_QUEUE	movie plus external subtitles, no OG movie
NEW_OR_PENDING	UNKNOWN	/Volumes/导演们/达米彦·奥图/死前戏	/Volumes/导演们/达米彦·奥图/死前戏/死前戏.En.Attendant.Le.Deluge.2004.FRENCH.DVDRiP.XviD-FeLiX.mkv	0	2			ADD_TO_MUX_QUEUE	movie plus external subtitles, no OG movie
NEW_OR_PENDING	UNKNOWN	/Volumes/导演们/达米彦·奥图/理查德·奥的历史	/Volumes/导演们/达米彦·奥图/理查德·奥的历史/理查德·奥的历史.L.Histoire.de.Richard.O.2007.mkv	0	1			ADD_TO_MUX_QUEUE	movie plus external subtitles, no OG movie
NEW_OR_PENDING	UNKNOWN	/Volumes/导演们/达米彦·奥图/致命的过错	/Volumes/导演们/达米彦·奥图/致命的过错/致命的过错.Errance.2003.DivX.DVDRip.700MB.mkv	0	1			ADD_TO_MUX_QUEUE	movie plus external subtitles, no OG movie
NEW_OR_PENDING	UNKNOWN	/Volumes/导演们/菲利普·加瑞尔/处女的床	/Volumes/导演们/菲利普·加瑞尔/处女的床/处女的床.Le.lit.de.la.vierge.1969.mkv	0	1			ADD_TO_MUX_QUEUE	movie plus external subtitles, no OG movie
NEW_OR_PENDING	UNKNOWN	/Volumes/导演们/菲利普·加瑞尔/我再也听不见吉他声	/Volumes/导演们/菲利普·加瑞尔/我再也听不见吉他声/我再也听不见吉他声.J.entends.Plus.La.Guitare.1991.DVDRip.XviD-MOC.mkv	0	1			ADD_TO_MUX_QUEUE	movie plus external subtitles, no OG movie
NEW_OR_PENDING	UNKNOWN	/Volumes/导演们/筱田正浩/暗杀	/Volumes/导演们/筱田正浩/暗杀/暗杀.Ansatsu.1964.DVDrip.AC3.Jose.El.Luzu.Allzine.mkv	0	1			ADD_TO_MUX_QUEUE	movie plus external subtitles, no OG movie
NEW_OR_PENDING	UNKNOWN	/Volumes/导演们/阿莱克斯·德拉·伊格来希亚/伤心小号曲	/Volumes/导演们/阿莱克斯·德拉·伊格来希亚/伤心小号曲/伤心小号曲.Balada.triste.de.trompeta.2010.BDRip.x264.AC3-Zoo.mkv	0	1			ADD_TO_MUX_QUEUE	movie plus external subtitles, no OG movie
NEW_OR_PENDING	UNKNOWN	/Volumes/导演们/阿莱克斯·德拉·伊格来希亚/公共财产	/Volumes/导演们/阿莱克斯·德拉·伊格来希亚/公共财产/公共财产.La.Comunidad.2000.DVDRip.DivX3LM.mkv	0	1			ADD_TO_MUX_QUEUE	movie plus external subtitles, no OG movie
NEW_OR_PENDING	UNKNOWN	/Volumes/导演们/阿莱克斯·德拉·伊格来希亚/婴儿房	/Volumes/导演们/阿莱克斯·德拉·伊格来希亚/婴儿房/婴儿房.The.Babys.Room.2006.DUBBED.DVDRip.XviD-FiCO.mkv	0	1			ADD_TO_MUX_QUEUE	movie plus external subtitles, no OG movie
NEW_OR_PENDING	UNKNOWN	/Volumes/导演们/阿莱克斯·德拉·伊格来希亚/完美犯罪	/Volumes/导演们/阿莱克斯·德拉·伊格来希亚/完美犯罪/完美犯罪.Crimen.Ferpecto.2004.DVDRip.XviD-DXO.mkv	0	1			ADD_TO_MUX_QUEUE	movie plus external subtitles, no OG movie
NEW_OR_PENDING	UNKNOWN	/Volumes/导演们/阿莱克斯·德拉·伊格来希亚/牛津杀手	/Volumes/导演们/阿莱克斯·德拉·伊格来希亚/牛津杀手/牛津杀手.The.Oxford.Murders.2008.BDRip.X264-TLF.mkv	0	2			ADD_TO_MUX_QUEUE	movie plus external subtitles, no OG movie
NEW_OR_PENDING	UNKNOWN	/Volumes/导演们/阿莱克斯·德拉·伊格来希亚/美年达杀人狂	/Volumes/导演们/阿莱克斯·德拉·伊格来希亚/美年达杀人狂/美年达杀人狂.Mirindas.Asesinas.1991.DviX5-MP3.mkv	0	1			ADD_TO_MUX_QUEUE	movie plus external subtitles, no OG movie
NEW_OR_PENDING	UNKNOWN	/Volumes/导演们/阿莱克斯·德拉·伊格来希亚/野兽之日	/Volumes/导演们/阿莱克斯·德拉·伊格来希亚/野兽之日/野兽之日.The.Day.of.the.Beast.1995.DVDRip.XviD-AGX.mkv	0	2			ADD_TO_MUX_QUEUE	movie plus external subtitles, no OG movie
NEW_OR_PENDING	UNKNOWN	/Volumes/导演们/阿兰·卡瓦利埃/Le Filmeur	/Volumes/导演们/阿兰·卡瓦利埃/Le Filmeur/Le.Filmeur.2005.mkv	0	1			ADD_TO_MUX_QUEUE	movie plus external subtitles, no OG movie
NEW_OR_PENDING	UNKNOWN	/Volumes/导演们/阿兰·卡瓦利埃/小岛上的决斗	/Volumes/导演们/阿兰·卡瓦利埃/小岛上的决斗/小岛上的决斗.Le.Combat.dans.l.ile.1962.mkv	0	1			ADD_TO_MUX_QUEUE	movie plus external subtitles, no OG movie
NEW_OR_PENDING	UNKNOWN	/Volumes/导演们/阿兰·卡瓦利埃/狂乱	/Volumes/导演们/阿兰·卡瓦利埃/狂乱/狂乱.La.Chamade.1968.mkv	0	1			ADD_TO_MUX_QUEUE	movie plus external subtitles, no OG movie
NEW_OR_PENDING	UNKNOWN	/Volumes/导演们/阿历克塞·巴拉巴诺夫/战俘计划	/Volumes/导演们/阿历克塞·巴拉巴诺夫/战俘计划/战俘计划.Voyna.2002.Dvdrip.Divx.Rus.Drivemad.mkv	0	6			ADD_TO_MUX_QUEUE	movie plus external subtitles, no OG movie
NEW_OR_PENDING	UNKNOWN	/Volumes/导演们/阿历克塞·巴拉巴诺夫/河流	/Volumes/导演们/阿历克塞·巴拉巴诺夫/河流/河流.Reka.2002.Aleksei.Balabanov.mkv	0	1			ADD_TO_MUX_QUEUE	movie plus external subtitles, no OG movie
NEW_OR_PENDING	UNKNOWN	/Volumes/导演们/阿历克塞·巴拉巴诺夫/锅炉工	/Volumes/导演们/阿历克塞·巴拉巴诺夫/锅炉工/锅炉工.Kochegar.2010.XviD.DVDRip.mkv	0	4			ADD_TO_MUX_QUEUE	movie plus external subtitles, no OG movie
NEW_OR_PENDING	UNKNOWN	/Volumes/导演们/阿历克塞·巴拉巴诺夫/黑色海洛因	/Volumes/导演们/阿历克塞·巴拉巴诺夫/黑色海洛因/黑色海洛因.Blind.Mans.Bluff.2005.mkv	0	1			ADD_TO_MUX_QUEUE	movie plus external subtitles, no OG movie
DONE_NEEDS_REVIEW	LOW	/Volumes/导演们/安东尼·曼/边城喋血记	/Volumes/导演们/安东尼·曼/边城喋血记/边城喋血记.Border.Incident.1949.mkv	1+	1	1	0	REVIEW_IN_INFUSE	
NEW_OR_PENDING	UNKNOWN	/Volumes/导演们/刘别谦/有声片/街角的商店	/Volumes/导演们/刘别谦/有声片/街角的商店/街角的商店.The.Shop.Around.The.Corner.1940.mkv	0	1			ADD_TO_MUX_QUEUE	movie plus external subtitles, no OG movie
DONE_VERIFIED_TEXT_OK	HIGH	/Volumes/导演们/刘别谦/默片/从柏林来的迈耶	/Volumes/导演们/刘别谦/默片/从柏林来的迈耶/从柏林来的迈耶.Meyer.aus.Berlin.1919.mkv	1+	2	2	1	SAFE_TO_PLAN_CLEANUP	track=2 lang=chi/zh default=1 codec=SubRip/SRT cjk=1913 bad=0 lines=786
DONE_VERIFIED_TEXT_OK	HIGH	/Volumes/导演们/刘别谦/默片/在我死后	/Volumes/导演们/刘别谦/默片/在我死后/在我死后.Als.Ich.tot.war.1916.mkv	1+	2	2	1	SAFE_TO_PLAN_CLEANUP	track=2 lang=chi/zh default=1 codec=SubRip/SRT cjk=550 bad=0 lines=222
DONE_VERIFIED_TEXT_OK	HIGH	/Volumes/导演们/刘别谦/默片/欢乐监狱	/Volumes/导演们/刘别谦/默片/欢乐监狱/欢乐监狱.Das.fidele.Gefangnis.1917.Lubitsch.DVDRip.by.Oldsen.para.divxclasico.com.XviD.mkv	1+	1	1	1	SAFE_TO_PLAN_CLEANUP	track=2 lang=chi/zh default=1 codec=SubRip/SRT cjk=1076 bad=0 lines=462
DONE_NEEDS_REVIEW	LOW	/Volumes/导演们/曼·雷伊/Mystères du château de Dé, Les	/Volumes/导演们/曼·雷伊/Mystères du château de Dé, Les/Les.Mysteres.du.Chateau.du.De.1929.mkv	1+	1	1	0	REVIEW_IN_INFUSE	
NEW_OR_PENDING	UNKNOWN	/Volumes/导演们/梅尔维尔/可怕的孩子们	/Volumes/导演们/梅尔维尔/可怕的孩子们/可怕的孩子们.Les.Enfants.Terribles.1950.mkv	0	1			ADD_TO_MUX_QUEUE	movie plus external subtitles, no OG movie
DONE_VERIFIED_TEXT_OK	HIGH	/Volumes/导演们/帕索里尼/12月12日	/Volumes/导演们/帕索里尼/12月12日/12月12日.12.Dicembre.Piazza.Fontana.1972.mkv	1+	2	2	1	SAFE_TO_PLAN_CLEANUP	track=2 lang=chi/zh default=1 codec=SubRip/SRT cjk=5919 bad=0 lines=1693
DONE_VERIFIED_TEXT_OK	HIGH	/Volumes/导演们/帕索里尼/萨那的城墙	/Volumes/导演们/帕索里尼/萨那的城墙/萨那的城墙.Le.Mura.di.Sanaa.1971.P.Pasolini.mkv	1+	2	2	1	SAFE_TO_PLAN_CLEANUP	track=2 lang=chi/zh default=1 codec=SubRip/SRT cjk=1744 bad=0 lines=510
NEW_OR_PENDING	UNKNOWN	/Volumes/导演们/朱拉·亚库比斯克/诺娜和埃斯特	/Volumes/导演们/朱拉·亚库比斯克/诺娜和埃斯特/诺娜和埃斯特.Lepsie.Byt.Bohaty.A.Zdravy.Ako.Chudobny.A.Chory.1993.Juraj.Jakubisko.mkv	0	2			ADD_TO_MUX_QUEUE	movie plus external subtitles, no OG movie
DONE_VERIFIED_TEXT_OK	HIGH	/Volumes/导演们/安德烈·塔尔科夫斯基/牺牲	/Volumes/导演们/安德烈·塔尔科夫斯基/牺牲/牺牲.The.Sacrifice.1986.REMASTERED.BDRip.X264.iNT-TLF.mkv	1+	3	3	1	SAFE_TO_PLAN_CLEANUP	track=3 lang=chi/zh default=0 codec=SubRip/SRT cjk=9164 bad=0 lines=4888
DONE_NEEDS_REVIEW	LOW	/Volumes/导演们/克林特·伊斯特伍德/天涯父子情	/Volumes/导演们/克林特·伊斯特伍德/天涯父子情/天涯父子情.Honkytonk.Man.1982.BIVX.FR.US.Alucard69-teste.DivXovore.com.mkv	1+	1	1	0	REVIEW_IN_INFUSE	
DONE_VERIFIED_TEXT_OK	HIGH	/Volumes/导演们/克林特·伊斯特伍德/春花秋月未了情	/Volumes/导演们/克林特·伊斯特伍德/春花秋月未了情/春花秋月未了情.Breezy.(Vostf-Clint.Eastwood-William.Holden).-.1973.mkv	1+	3	3	1	SAFE_TO_PLAN_CLEANUP	track=2 lang=chi/zh default=1 codec=SubRip/SRT cjk=10560 bad=0 lines=4697
DONE_NEEDS_REVIEW	LOW	/Volumes/导演们/克林特·伊斯特伍德/迷雾追魂	/Volumes/导演们/克林特·伊斯特伍德/迷雾追魂/迷雾追魂.Play.Misty.for.Me.1971.DVDRip.mkv	1+	1	1	0	REVIEW_IN_INFUSE	
DONE_VERIFIED_TEXT_OK	HIGH	/Volumes/导演们/斯坦利·库布里克/斯坦利·库布里克的视角	/Volumes/导演们/斯坦利·库布里克/斯坦利·库布里克的视角/The.Visions.of.Stanley.Kubrick.mkv	1+	1	1	1	SAFE_TO_PLAN_CLEANUP	track=2 lang=chi/zh default=1 codec=SubRip/SRT cjk=3526 bad=0 lines=1354
DONE_VERIFIED_TEXT_OK	HIGH	/Volumes/导演们/斯坦利·库布里克/杀手之吻	/Volumes/导演们/斯坦利·库布里克/杀手之吻/杀手之吻.Killer's.Kiss.1955.CC.BDRip.X264.iNT-TLF.mkv	1+	2	2	1	SAFE_TO_PLAN_CLEANUP	track=2 lang=chi/zh default=1 codec=SubRip/SRT cjk=5013 bad=0 lines=2113
DONE_VERIFIED_TEXT_OK	HIGH	/Volumes/导演们/斯坦利·库布里克/2001太空漫游/看见未来的视野：2001的预言	/Volumes/导演们/斯坦利·库布里克/2001太空漫游/看见未来的视野：2001的预言/The.Prophesy.of.2001.mkv	1+	1	1	1	SAFE_TO_PLAN_CLEANUP	track=2 lang=chi/zh default=1 codec=SubRip/SRT cjk=4117 bad=0 lines=1670
DONE_VERIFIED_TEXT_OK	HIGH	/Volumes/导演们/斯坦利·库布里克/2001太空漫游/站在库布里克的肩上：2001的馈赠	/Volumes/导演们/斯坦利·库布里克/2001太空漫游/站在库布里克的肩上：2001的馈赠/The.Legacy.of.2001.mkv	1+	1	1	1	SAFE_TO_PLAN_CLEANUP	track=2 lang=chi/zh default=1 codec=SubRip/SRT cjk=3970 bad=0 lines=1583
DONE_VERIFIED_TEXT_OK	HIGH	/Volumes/导演们/斯坦利·库布里克/2001太空漫游/2001：创造神话	/Volumes/导演们/斯坦利·库布里克/2001太空漫游/2001：创造神话/The.Making.of.a.Myth.mkv	1+	1	1	1	SAFE_TO_PLAN_CLEANUP	track=2 lang=chi/zh default=1 codec=SubRip/SRT cjk=8041 bad=0 lines=3050
DONE_VERIFIED_TEXT_OK	HIGH	/Volumes/导演们/斯坦利·库布里克/闪灵/遗忘的风景：雕塑“闪灵”	/Volumes/导演们/斯坦利·库布里克/闪灵/遗忘的风景：雕塑“闪灵”/View.From.the.Crafting.-.Into.the.Darkness.mkv	1+	1	1	1	SAFE_TO_PLAN_CLEANUP	track=2 lang=chi/zh default=1 codec=SubRip/SRT cjk=6197 bad=0 lines=2518
NEW_OR_PENDING	UNKNOWN	/Volumes/导演们/熊切和嘉/天线	/Volumes/导演们/熊切和嘉/天线/天线.Antenna.2003.dvdrip.xvid-promise.mkv	0	1			ADD_TO_MUX_QUEUE	movie plus external subtitles, no OG movie
DONE_VERIFIED_TEXT_OK	HIGH	/Volumes/导演们/亚历山大·索科洛夫/孤独人类之声	/Volumes/导演们/亚历山大·索科洛夫/孤独人类之声/孤独人类之声.Odinokiy.golos.cheloveka.1987.Alexandr.Sokurov.mkv	1+	1	1	1	SAFE_TO_PLAN_CLEANUP	track=2 lang=chi/zh default=1 codec=SubRip/SRT cjk=1964 bad=0 lines=943
NEW_OR_PENDING	UNKNOWN	/Volumes/导演们/朱尔斯·达辛/男人的斗争	/Volumes/导演们/朱尔斯·达辛/男人的斗争/男人的斗争.Rififi.1955.CC.BDRip.X264.iNT-TLF.mkv	0	2			ADD_TO_MUX_QUEUE	movie plus external subtitles, no OG movie
NEW_OR_PENDING	UNKNOWN	/Volumes/导演们/沟口建二/名刀美女丸	/Volumes/导演们/沟口建二/名刀美女丸/名刀美女丸.Meito.bijomaru.1945.Kenji.Mizoguchi.mkv	0	1			ADD_TO_MUX_QUEUE	movie plus external subtitles, no OG movie
NEW_OR_PENDING	UNKNOWN	/Volumes/导演们/沟口建二/女優須磨子の恋	/Volumes/导演们/沟口建二/女優須磨子の恋/女優須磨子の恋.The.Love.of.Sumako.the.Actress.1947.mkv	0	1			ADD_TO_MUX_QUEUE	movie plus external subtitles, no OG movie
NEW_OR_PENDING	UNKNOWN	/Volumes/导演们/沟口建二/折纸鹤的阿千	/Volumes/导演们/沟口建二/折纸鹤的阿千/折纸鹤的阿千.Orizuru.Osen.1935.mkv	0	1			ADD_TO_MUX_QUEUE	movie plus external subtitles, no OG movie
NEW_OR_PENDING	UNKNOWN	/Volumes/导演们/沟口建二/武蔵野夫人	/Volumes/导演们/沟口建二/武蔵野夫人/武蔵野夫人.Lady.Musashino.1951.mkv	0	2			ADD_TO_MUX_QUEUE	movie plus external subtitles, no OG movie
NEW_OR_PENDING	UNKNOWN	/Volumes/导演们/沟口建二/谣言的女人	/Volumes/导演们/沟口建二/谣言的女人/谣言的女人.Uwasa.no.onna.1954.mkv	0	1			ADD_TO_MUX_QUEUE	movie plus external subtitles, no OG movie
DONE_VERIFIED_TEXT_OK	HIGH	/Volumes/导演们/卡尔·西奥多·德莱叶/短片/丹麦小村教堂	/Volumes/导演们/卡尔·西奥多·德莱叶/短片/丹麦小村教堂/丹麦小村教堂.Landsbykirken.1947.dk.Dreyer.mkv	1+	2	2	1	SAFE_TO_PLAN_CLEANUP	track=3 lang=chi/zh default=1 codec=SubRip/SRT cjk=1499 bad=0 lines=490
DONE_VERIFIED_TEXT_OK	HIGH	/Volumes/导演们/卡尔·西奥多·德莱叶/短片/克罗根与卡隆堡	/Volumes/导演们/卡尔·西奥多·德莱叶/短片/克罗根与卡隆堡/克罗根与卡隆堡.The.Castle.Within.the.Castle.1955.DVDRip.XviD.mkv	1+	3	3	1	SAFE_TO_PLAN_CLEANUP	track=2 lang=chi/zh default=1 codec=SubRip/SRT cjk=1370 bad=0 lines=414
DONE_VERIFIED_TEXT_OK	HIGH	/Volumes/导演们/卡尔·西奥多·德莱叶/短片/土地来的水	/Volumes/导演们/卡尔·西奥多·德莱叶/短片/土地来的水/土地来的水.Carl.Dreyer.-.1946.-.Vandet.paa.Landet.mkv	1+	1	1	1	SAFE_TO_PLAN_CLEANUP	track=2 lang=chi/zh default=1 codec=SubRip/SRT cjk=1829 bad=0 lines=621
DONE_VERIFIED_TEXT_OK	HIGH	/Volumes/导演们/卡尔·西奥多·德莱叶/短片/抗癌	/Volumes/导演们/卡尔·西奥多·德莱叶/短片/抗癌/抗癌.The.Struggle.Against.Cancer.1947.DVDRip.XviD.mkv	1+	3	3	1	SAFE_TO_PLAN_CLEANUP	track=2 lang=chi/zh default=1 codec=SubRip/SRT cjk=1429 bad=0 lines=577
DONE_PROBABLY_OK	MEDIUM	/Volumes/导演们/卡尔·西奥多·德莱叶/短片/斯托斯特姆桥	/Volumes/导演们/卡尔·西奥多·德莱叶/短片/斯托斯特姆桥/斯托斯特姆桥.Storstrømsbroen.1950.mkv	1+	1	1	1	REVIEW_BEFORE_DELETE	track=2 lang=chi/zh default=1 codec=SubRip/SRT cjk=64 bad=0 lines=23
DONE_VERIFIED_TEXT_OK	HIGH	/Volumes/导演们/卡尔·西奥多·德莱叶/索伦森	/Volumes/导演们/卡尔·西奥多·德莱叶/索伦森/索伦森.Thorvaldsen.1949.Carl.Theodor.Dreyer.mkv	1+	2	2	1	SAFE_TO_PLAN_CLEANUP	track=2 lang=chi/zh default=1 codec=SubRip/SRT cjk=848 bad=0 lines=276
DONE_VERIFIED_TEXT_OK	HIGH	/Volumes/导演们/卡尔·西奥多·德莱叶/赶船	/Volumes/导演们/卡尔·西奥多·德莱叶/赶船/赶船.They.Caught.the.Ferry.1948.Carl.Theodor.Dreyer.mkv	1+	1	1	1	SAFE_TO_PLAN_CLEANUP	track=2 lang=chi/zh default=1 codec=SubRip/SRT cjk=210 bad=0 lines=104
DONE_VERIFIED_TEXT_OK	HIGH	/Volumes/导演们/卡尔·西奥多·德莱叶/铁轨	/Volumes/导演们/卡尔·西奥多·德莱叶/铁轨/铁轨.Rotaie-M.Camerini.1929.mkv	1+	1	1	1	SAFE_TO_PLAN_CLEANUP	track=2 lang=chi/zh default=1 codec=SubRip/SRT cjk=322 bad=0 lines=112
DONE_VERIFIED_TEXT_OK	HIGH	/Volumes/导演们/卡尔·西奥多·德莱叶/词语	/Volumes/导演们/卡尔·西奥多·德莱叶/词语/词语.Ordet.1955.BFI.BDRip.X264.iNT-TLF.mkv	1+	2	2	1	SAFE_TO_PLAN_CLEANUP	track=2 lang=chi/zh default=1 codec=SubRip/SRT cjk=10874 bad=0 lines=5398
DONE_VERIFIED_TEXT_OK	HIGH	/Volumes/导演们/卡洛斯·绍拉/一代名画家戈雅在波尔多	/Volumes/导演们/卡洛斯·绍拉/一代名画家戈雅在波尔多/一代名画家戈雅在波尔多.Goya.in.Bordeaux.1999.DVDRip.XviD-Dionysus.mkv	1+	2	2	1	SAFE_TO_PLAN_CLEANUP	track=2 lang=chi/zh default=1 codec=SubRip/SRT cjk=6743 bad=0 lines=3832
DONE_VERIFIED_TEXT_OK	HIGH	/Volumes/导演们/卡洛斯·绍拉/圣力三重奏	/Volumes/导演们/卡洛斯·绍拉/圣力三重奏/圣力三重奏.Stress.es.tres.tres.1968.mkv	1+	2	2	1	SAFE_TO_PLAN_CLEANUP	track=2 lang=chi/zh default=1 codec=SubRip/SRT cjk=6747 bad=0 lines=3018
NEW_OR_PENDING	UNKNOWN	/Volumes/导演们/卡洛斯·绍拉/妈妈一百岁	/Volumes/导演们/卡洛斯·绍拉/妈妈一百岁/妈妈一百岁.mama.cumple.cien.anos.1979.mkv	0	1			ADD_TO_MUX_QUEUE	movie plus external subtitles, no OG movie
DONE_VERIFIED_TEXT_OK	HIGH	/Volumes/导演们/卡洛斯·绍拉/安娜与狼	/Volumes/导演们/卡洛斯·绍拉/安娜与狼/安娜与狼.Ana.y.los.lobos.1973.mkv	1+	2	2	1	SAFE_TO_PLAN_CLEANUP	track=2 lang=chi/zh default=1 codec=SubRip/SRT cjk=7342 bad=0 lines=3366
DONE_NEEDS_REVIEW	LOW	/Volumes/导演们/卡洛斯·绍拉/布努埃尔与圆桌骑士	/Volumes/导演们/卡洛斯·绍拉/布努埃尔与圆桌骑士/布努埃尔与圆桌骑士.Bunuel.Y.La.Mesa.Del.Rey.Salomon.2001.mkv	1+	1	1	0	REVIEW_IN_INFUSE	
NEW_OR_PENDING	UNKNOWN	/Volumes/导演们/卡洛斯·绍拉/薄荷刨冰	/Volumes/导演们/卡洛斯·绍拉/薄荷刨冰/薄荷刨冰.Peppermint.Frappe.1967.mkv	0	2			ADD_TO_MUX_QUEUE	movie plus external subtitles, no OG movie
DONE_NEEDS_REVIEW	LOW	/Volumes/导演们/卡洛斯·绍拉/被蒙上的双眼	/Volumes/导演们/卡洛斯·绍拉/被蒙上的双眼/被蒙上的双眼.Los.Ojos.Vendados.Carlos.Saura.1978.Eng.mkv	1+	1	1	0	REVIEW_IN_INFUSE	
NEW_OR_PENDING	UNKNOWN	/Volumes/导演们/柯内流·波蓝波宇/布加勒斯特东12点8分	/Volumes/导演们/柯内流·波蓝波宇/布加勒斯特东12点8分/布加勒斯特东12点8分.1208.East.of.Bucharest.2007.1080p.NF.WEB-DL.DDP2.0.x264-TEPES.mkv	0	1			ADD_TO_MUX_QUEUE	movie plus external subtitles, no OG movie
NEW_OR_PENDING	UNKNOWN	/Volumes/导演们/柯内流·波蓝波宇/警察.形容词	/Volumes/导演们/柯内流·波蓝波宇/警察.形容词/警察.形容词.Politist.Adjectiv.2009.DVDRip.x264-mafalda.mkv	0	1			ADD_TO_MUX_QUEUE	movie plus external subtitles, no OG movie
NEW_OR_PENDING	UNKNOWN	/Volumes/导演们/朴赞郁/斯托克	/Volumes/导演们/朴赞郁/斯托克/斯托克.Stoker.2013.BluRay.720p.MNHD-FRDS.mkv	0	1			ADD_TO_MUX_QUEUE	movie plus external subtitles, no OG movie
NEW_OR_PENDING	UNKNOWN	/Volumes/导演们/朴赞郁/我要复仇	/Volumes/导演们/朴赞郁/我要复仇/我要复仇.Sympathy.For.Mr.Vengeance.2002.BDRip.X264.iNT-TLF.mkv	0	1			ADD_TO_MUX_QUEUE	movie plus external subtitles, no OG movie
DONE_VERIFIED_TEXT_OK	HIGH	/Volumes/导演们/安东尼奥尼/奇遇	/Volumes/导演们/安东尼奥尼/奇遇/奇遇.L'avventura.1960.CC.BDRip.X264.iNT-TLF.mkv	1+	2	2	1	SAFE_TO_PLAN_CLEANUP	track=2 lang=chi/zh default=1 codec=SubRip/SRT cjk=8806 bad=0 lines=4416
DONE_VERIFIED_TEXT_OK	HIGH	/Volumes/导演们/安东尼奥尼/放大	/Volumes/导演们/安东尼奥尼/放大/放大.Blow-Up.1966.CC.BDRip.X264.iNT-TLF.mkv	1+	2	2	1	SAFE_TO_PLAN_CLEANUP	track=2 lang=chi/zh default=1 codec=SubRip/SRT cjk=3073 bad=0 lines=1660
NEW_OR_PENDING	UNKNOWN	/Volumes/导演们/冈本喜八/替人报仇的助六	/Volumes/导演们/冈本喜八/替人报仇的助六/替人报仇的助六.Vengeance.For.Sale.2001.DVDRip.XviD-UBiK.mkv	0	1			ADD_TO_MUX_QUEUE	movie plus external subtitles, no OG movie
NEW_OR_PENDING	UNKNOWN	/Volumes/导演们/冈本喜八/江分利満氏	/Volumes/导演们/冈本喜八/江分利満氏/江分利満氏の優雅な生活The.Elegant.Life.of.Mr.Everyman.1963.DVDRip.AC3.XviD-MDCOrient.mkv	0	1			ADD_TO_MUX_QUEUE	movie plus external subtitles, no OG movie
DONE_VERIFIED_TEXT_OK	HIGH	/Volumes/导演们/努里·比格·锡兰/小镇	/Volumes/导演们/努里·比格·锡兰/小镇/小镇.Nuri.Bilge.Ceylan-Kasaba.(.The.Town.).1998.mkv	1+	3	3	1	SAFE_TO_PLAN_CLEANUP	track=2 lang=chi/zh default=1 codec=SubRip/SRT cjk=6688 bad=0 lines=2610
DONE_VERIFIED_TEXT_OK	HIGH	/Volumes/导演们/奥利佛·斯通/天生杀人狂	/Volumes/导演们/奥利佛·斯通/天生杀人狂/天生杀人狂.Natural.Born.Killers.1994.UNDC.BDRip.X264-TLF.mkv	1+	1	1	1	SAFE_TO_PLAN_CLEANUP	track=2 lang=chi/zh default=1 codec=SubRip/SRT cjk=12320 bad=0 lines=6694
NEW_OR_PENDING	UNKNOWN	/Volumes/导演们/奥逊·威尔斯/午夜钟声(英字)	/Volumes/导演们/奥逊·威尔斯/午夜钟声(英字)/午夜钟声.Welles.Orson.-.1965.-.Campanadas.a.medianoche.mkv	0	1			ADD_TO_MUX_QUEUE	movie plus external subtitles, no OG movie
DONE_VERIFIED_TEXT_OK	HIGH	/Volumes/导演们/巴斯特·基顿/大学	/Volumes/导演们/巴斯特·基顿/大学/大学.Buster.Keaton.College.1927.mkv	1+	1	1	1	SAFE_TO_PLAN_CLEANUP	track=2 lang=chi/zh default=1 codec=SubRip/SRT cjk=1444 bad=0 lines=618
NEW_OR_PENDING	UNKNOWN	/Volumes/导演们/布莱恩·德·帕尔玛/危情羔羊	/Volumes/导演们/布莱恩·德·帕尔玛/危情羔羊/危情羔羊.Raising.Cain.1992.DVDRiP.XviD-Grand.mkv	0	1			ADD_TO_MUX_QUEUE	movie plus external subtitles, no OG movie
NEW_OR_PENDING	UNKNOWN	/Volumes/导演们/布莱恩·德·帕尔玛/嗨，妈妈	/Volumes/导演们/布莱恩·德·帕尔玛/嗨，妈妈/嗨，妈妈.Hi.Mom.1970.WS.DVDRip.XviD-FRAGMENT.mkv	0	1			ADD_TO_MUX_QUEUE	movie plus external subtitles, no OG movie
DONE_VERIFIED_TEXT_OK	HIGH	/Volumes/导演们/布莱恩·德·帕尔玛/节选修订	/Volumes/导演们/布莱恩·德·帕尔玛/节选修订/节选修订.Redacted.2007.LIMITED.DVDRip.XviD-SAPHiRE.mkv	1+	2	2	1	SAFE_TO_PLAN_CLEANUP	track=2 lang=chi/zh default=1 codec=SubRip/SRT cjk=16177 bad=0 lines=5972
NEW_OR_PENDING	UNKNOWN	/Volumes/导演们/布莱恩·德·帕尔玛/迷情记	/Volumes/导演们/布莱恩·德·帕尔玛/迷情记/迷情记.Obsession.1976.DVDRip.x264.DD5.1-OP.mkv	0	1			ADD_TO_MUX_QUEUE	movie plus external subtitles, no OG movie
DONE_VERIFIED_TEXT_OK	HIGH	/Volumes/导演们/布莱恩·德·帕尔玛/铁面无私	/Volumes/导演们/布莱恩·德·帕尔玛/铁面无私/不可触犯.The.Untouchables.1987.BDRip.X264.iNT-TLF(559A734E).mkv	1+	2	2	1	SAFE_TO_PLAN_CLEANUP	track=3 lang=chi/zh default=1 codec=SubRip/SRT cjk=9064 bad=0 lines=4468
DONE_VERIFIED_TEXT_OK	HIGH	/Volumes/导演们/成濑巳喜男/女人中的陌生人	/Volumes/导演们/成濑巳喜男/女人中的陌生人/女人中的陌生人.The.Stranger.Within.a.Woman.1966.mkv	1+	2	2	1	SAFE_TO_PLAN_CLEANUP	track=2 lang=chi/zh default=1 codec=SubRip/SRT cjk=10336 bad=0 lines=4872
NEW_OR_PENDING	UNKNOWN	/Volumes/导演们/成濑巳喜男/幸福生活	/Volumes/导演们/成濑巳喜男/幸福生活/幸福生活.Tanoshiki.kana.jinsei.This.Happy.Life.1944.Mikio.Naruse.mkv	0	2			ADD_TO_MUX_QUEUE	movie plus external subtitles, no OG movie
DONE_VERIFIED_TEXT_OK	HIGH	/Volumes/导演们/成濑巳喜男/愿妻如蔷薇	/Volumes/导演们/成濑巳喜男/愿妻如蔷薇/妻如蔷薇.Wife.Be.Like.a.Rose.1935.mkv	1+	1	1	1	SAFE_TO_PLAN_CLEANUP	track=2 lang=chi/zh default=1 codec=SubRip/SRT cjk=6013 bad=0 lines=3323
DONE_VERIFIED_TEXT_OK	HIGH	/Volumes/导演们/成濑巳喜男/晚菊	/Volumes/导演们/成濑巳喜男/晚菊/晚菊.Bangiku.1954.mkv	1+	2	2	1	SAFE_TO_PLAN_CLEANUP	track=2 lang=chi/zh default=1 codec=SubRip/SRT cjk=7960 bad=0 lines=3590
DONE_NEEDS_REVIEW	LOW	/Volumes/导演们/威廉·惠勒/危急时刻	/Volumes/导演们/威廉·惠勒/危急时刻/危急时刻.The.Desperate.Hours.1955.DVDRip.mkv	1+	1	1	0	REVIEW_IN_INFUSE	
DONE_VERIFIED_TEXT_OK	HIGH	/Volumes/导演们/威廉·惠勒/大侦探故事	/Volumes/导演们/威廉·惠勒/大侦探故事/大侦探故事.Detective.Story.1951.mkv	1+	2	2	1	SAFE_TO_PLAN_CLEANUP	track=2 lang=chi/zh default=1 codec=SubRip/SRT cjk=18562 bad=0 lines=6921
NEW_OR_PENDING	UNKNOWN	/Volumes/导演们/迈克尔·鲍威尔/沙滩上的夏娃	/Volumes/导演们/迈克尔·鲍威尔/沙滩上的夏娃/沙滩上的夏娃.Age.of.Consent.1969.Director's.Cut.BluRay.720p.x264.AC3.iNT-TLF.mkv	0	1			ADD_TO_MUX_QUEUE	movie plus external subtitles, no OG movie
NEW_OR_PENDING	UNKNOWN	/Volumes/导演们/达伦·阿伦诺夫斯基/没时间	/Volumes/导演们/达伦·阿伦诺夫斯基/没时间/No.Time.1994.没时间.540x360.VP9-DMR.mkv	0	1			ADD_TO_MUX_QUEUE	movie plus external subtitles, no OG movie
DONE_VERIFIED_TEXT_OK	HIGH	/Volumes/导演们/丹尼斯·维伦纽瓦/边境杀手	/Volumes/导演们/丹尼斯·维伦纽瓦/边境杀手/边境杀手.Sicario.2015.BluRay.1080p.x265.10bit.AC3.iNT-TLF.mkv	1+	2	4	1	SAFE_TO_PLAN_CLEANUP	track=2 lang=chi/zh default=0 codec=SubRip/SRT cjk=9787 bad=0 lines=4460
NEW_OR_PENDING	UNKNOWN	/Volumes/导演们/比尔·普莱姆顿 & 罗伯特·克鲁伯/变种外星人	/Volumes/导演们/比尔·普莱姆顿 & 罗伯特·克鲁伯/变种外星人/变种外星人.Mutant.Aliens.2001.Bill.Plympton.Xvid.mkv	0	2			ADD_TO_MUX_QUEUE	movie plus external subtitles, no OG movie
DONE_VERIFIED_TEXT_OK	HIGH	/Volumes/导演们/寺山修司/死者田园祭	/Volumes/导演们/寺山修司/死者田园祭/死者田园祭.田園に死す.1974.Pastoral.To.Die.in.the.Country.Shuji.Terayama.DVDRip-auess.mkv	1+	1	1	1	SAFE_TO_PLAN_CLEANUP	track=2 lang=chi/zh default=1 codec=SubRip/SRT cjk=7220 bad=0 lines=3042
DONE_NEEDS_REVIEW	LOW	/Volumes/导演们/托尼·理查德森/艺人	/Volumes/导演们/托尼·理查德森/艺人/艺人.The.Entertainer.1960.mkv	1+	1	1	0	REVIEW_IN_INFUSE	
DONE_NEEDS_REVIEW	LOW	/Volumes/导演们/托尼·理查德森/苦恋	/Volumes/导演们/托尼·理查德森/苦恋/苦恋.The.Loved.One.1965.mkv	1+	1	1	0	REVIEW_IN_INFUSE	
NEW_OR_PENDING	UNKNOWN	/Volumes/导演们/小林正树/在我冒险的日	/Volumes/导演们/小林正树/在我冒险的日/在我冒险的日.Inn.of.Evil.1971.Masaki.Kobayashi.DVDrip.Jose.El.Luzu.mkv	0	1			ADD_TO_MUX_QUEUE	movie plus external subtitles, no OG movie
DONE_VERIFIED_TEXT_OK	HIGH	/Volumes/导演们/亚历斯·冯·华麦丹/北方小镇奇谈	/Volumes/导演们/亚历斯·冯·华麦丹/北方小镇奇谈/北方小镇奇谈.De.Noorderlingen.1992.mkv	1+	1	1	1	SAFE_TO_PLAN_CLEANUP	track=2 lang=chi/zh default=1 codec=SubRip/SRT cjk=2467 bad=0 lines=1455
DONE_NEEDS_REVIEW	LOW	/Volumes/导演们/亚历斯·冯·华麦丹/小东尼	/Volumes/导演们/亚历斯·冯·华麦丹/小东尼/小东尼.Little.Tony.1998.Alex.van.Warmerdam.mkv	1+	1	1	0	REVIEW_IN_INFUSE	
DONE_PROBABLY_OK	MEDIUM	/Volumes/导演们/亚历斯·冯·华麦丹/艾玛布兰克的最后一天	/Volumes/导演们/亚历斯·冯·华麦丹/艾玛布兰克的最后一天/艾玛布兰克的最后一天.De.laatste.dagen.van.Emma.Blank.2009.mkv	1+	3	3	1	REVIEW_BEFORE_DELETE	track=2 lang=chi/zh default=1 codec=SubRip/SRT cjk=5671 bad=1 lines=2498
DONE_NEEDS_REVIEW	LOW	/Volumes/导演们/亚历斯·冯·华麦丹/阿宝	/Volumes/导演们/亚历斯·冯·华麦丹/阿宝/阿宝.Abel-Alex-Van-Warmerdam.1986.Tuxfart.mkv	1+	2	2	1	REVIEW_IN_INFUSE	track=2 lang=chi/zh default=1 codec=SubRip/SRT cjk=2639 bad=2958 lines=2746
DONE_VERIFIED_TEXT_OK	HIGH	/Volumes/导演们/伊利亚·卡赞/伊甸园之东	/Volumes/导演们/伊利亚·卡赞/伊甸园之东/伊甸园之东.East.of.Eden.1955.mkv	1+	2	2	1	SAFE_TO_PLAN_CLEANUP	track=2 lang=chi/zh default=1 codec=SubRip/SRT cjk=13416 bad=0 lines=6414
DONE_NEEDS_REVIEW	LOW	/Volumes/导演们/伊利亚·卡赞/作法自毙	/Volumes/导演们/伊利亚·卡赞/作法自毙/作法自毙.Boomerang.1947.mkv	1+	1	1	1	REVIEW_IN_INFUSE	track=2 lang=chi/zh default=1 codec=SubRip/SRT cjk=0 bad=0 lines=0
NEW_OR_PENDING	UNKNOWN	/Volumes/导演们/西德尼·吕美特/大审判	/Volumes/导演们/西德尼·吕美特/大审判/大审判.The.Verdict.1982.DVDRip.x264.mkv	0	2			ADD_TO_MUX_QUEUE	movie plus external subtitles, no OG movie
NEW_OR_PENDING	UNKNOWN	/Volumes/导演们/西德尼·吕美特/奇幻核子战	/Volumes/导演们/西德尼·吕美特/奇幻核子战/奇幻核子战.Fail.Safe.1964.DVDRip-hector.mkv	0	2			ADD_TO_MUX_QUEUE	movie plus external subtitles, no OG movie
NEW_OR_PENDING	UNKNOWN	/Volumes/导演们/西德尼·吕美特/恋马狂	/Volumes/导演们/西德尼·吕美特/恋马狂/恋马狂.Equus.1977.DVDRip.x264.mkv	0	1			ADD_TO_MUX_QUEUE	movie plus external subtitles, no OG movie
NEW_OR_PENDING	UNKNOWN	/Volumes/导演们/西德尼·吕美特/死亡计中计	/Volumes/导演们/西德尼·吕美特/死亡计中计/死亡计中计.Deathtrap.1982.mkv	0	1			ADD_TO_MUX_QUEUE	movie plus external subtitles, no OG movie
NEW_OR_PENDING	UNKNOWN	/Volumes/导演们/西德尼·吕美特/突击者	/Volumes/导演们/西德尼·吕美特/突击者/突击者.Sidney.Lumet.1972.The.Offence.mkv	0	2			ADD_TO_MUX_QUEUE	movie plus external subtitles, no OG movie
NEW_OR_PENDING	UNKNOWN	/Volumes/导演们/谢尔盖·爱森斯坦/石头上的花	/Volumes/导演们/谢尔盖·爱森斯坦/石头上的花/石头上的花.Tsvetok.na.kamne.1962.mkv	0	1			ADD_TO_MUX_QUEUE	movie plus external subtitles, no OG movie
NEW_OR_PENDING	UNKNOWN	/Volumes/导演们/约瑟夫·罗西/M	/Volumes/导演们/约瑟夫·罗西/M/M.1951.mkv	0	1			ADD_TO_MUX_QUEUE	movie plus external subtitles, no OG movie
NEW_OR_PENDING	UNKNOWN	/Volumes/导演们/约瑟夫·罗西/刺杀托洛茨基	/Volumes/导演们/约瑟夫·罗西/刺杀托洛茨基/刺杀托洛茨基.The.Assassination.of.Trotsky.1972.mkv	0	1			ADD_TO_MUX_QUEUE	movie plus external subtitles, no OG movie
NEW_OR_PENDING	UNKNOWN	/Volumes/导演们/约瑟夫·罗西/博命	/Volumes/导演们/约瑟夫·罗西/博命/博命.These.Are.the.Damned.1963.mkv	0	1			ADD_TO_MUX_QUEUE	movie plus external subtitles, no OG movie
NEW_OR_PENDING	UNKNOWN	/Volumes/导演们/约瑟夫·罗西/景中人	/Volumes/导演们/约瑟夫·罗西/景中人/景中人.Figures.in.a.Landscape.1970.mkv	0	1			ADD_TO_MUX_QUEUE	movie plus external subtitles, no OG movie
NEW_OR_PENDING	UNKNOWN	/Volumes/导演们/约瑟夫·罗西/沧海孤女恨	/Volumes/导演们/约瑟夫·罗西/沧海孤女恨/沧海孤女恨.Secret.Ceremony.1968.mkv	0	1			ADD_TO_MUX_QUEUE	movie plus external subtitles, no OG movie
NEW_OR_PENDING	UNKNOWN	/Volumes/导演们/约瑟夫·罗西/涛海春晓	/Volumes/导演们/约瑟夫·罗西/涛海春晓/涛海春晓.Boom.1968.mkv	0	1			ADD_TO_MUX_QUEUE	movie plus external subtitles, no OG movie
NEW_OR_PENDING	UNKNOWN	/Volumes/导演们/约瑟夫·罗西/绿发男孩	/Volumes/导演们/约瑟夫·罗西/绿发男孩/绿发男孩.The.Boy.with.Green.Hair.1948.mkv	0	1			ADD_TO_MUX_QUEUE	movie plus external subtitles, no OG movie
DONE_NEEDS_REVIEW	LOW	/Volumes/导演们/亚历克斯·加兰/湮灭	/Volumes/导演们/亚历克斯·加兰/湮灭/湮灭.Annihilation.2018.BDRip.X264.iNT-TLF.mkv	1+	1	1	0	REVIEW_IN_INFUSE	
DONE_VERIFIED_TEXT_OK	HIGH	/Volumes/导演们/吉洛·彭泰科沃/阿尔及尔之战	/Volumes/导演们/吉洛·彭泰科沃/阿尔及尔之战/阿尔及尔之战.The.Battle.Of.Algiers.1966.CC.BDRip.X264.iNT-TLF.mkv	1+	1	1	1	SAFE_TO_PLAN_CLEANUP	track=2 lang=chi/zh default=1 codec=SubRip/SRT cjk=10238 bad=0 lines=3921
NEW_OR_PENDING	UNKNOWN	/Volumes/导演们/艾伦·帕克/午夜快车	/Volumes/导演们/艾伦·帕克/午夜快车/午夜快车.Midnight.Express.1978.BDRip.X264.iNT-TLF.mkv	0	3			ADD_TO_MUX_QUEUE	movie plus external subtitles, no OG movie
NEW_OR_PENDING	UNKNOWN	/Volumes/导演们/艾伦·帕克/贝隆夫人	/Volumes/导演们/艾伦·帕克/贝隆夫人/贝隆夫人.Evita.1996.15th.BDRip.X264-YXY.mkv	0	1			ADD_TO_MUX_QUEUE	movie plus external subtitles, no OG movie
DONE_VERIFIED_TEXT_OK	HIGH	/Volumes/导演们/拉杜·裘德/倒霉性爱.发狂黄片	/Volumes/导演们/拉杜·裘德/倒霉性爱.发狂黄片/倒霉性爱.发狂黄片.Bad.Luck.Banging.or.Loony.Porn.2021.BDRip.X264.iNT-TLF.mkv	1+	3	3	1	SAFE_TO_PLAN_CLEANUP	track=3 lang=chi/zh default=0 codec=SubStationAlpha cjk=16506 bad=0 lines=1135
NEW_OR_PENDING	UNKNOWN	/Volumes/导演们/拉杜·裘德/喝彩	/Volumes/导演们/拉杜·裘德/喝彩/喝彩.Aferim.2015.BDRip.X264.iNT-TLF.mkv	0	2			ADD_TO_MUX_QUEUE	movie plus external subtitles, no OG movie
NEW_OR_PENDING	UNKNOWN	/Volumes/导演们/阿伦·雷乃/严禁嘴对嘴	/Volumes/导演们/阿伦·雷乃/严禁嘴对嘴/严禁嘴对嘴.Pas.sur.la.bouche.2003.FRENCH.DVDRip.XVID-EVASiON.mkv	0	1			ADD_TO_MUX_QUEUE	movie plus external subtitles, no OG movie
NEW_OR_PENDING	UNKNOWN	/Volumes/导演们/阿伦·雷乃/史塔维斯基	/Volumes/导演们/阿伦·雷乃/史塔维斯基/史塔维斯基.Stavisky.1974.Alain.Resnais.mkv	0	2			ADD_TO_MUX_QUEUE	movie plus external subtitles, no OG movie
NEW_OR_PENDING	UNKNOWN	/Volumes/导演们/阿伦·雷乃/天意	/Volumes/导演们/阿伦·雷乃/天意/天意.Providence.1977.mkv	0	1			ADD_TO_MUX_QUEUE	movie plus external subtitles, no OG movie
NEW_OR_PENDING	UNKNOWN	/Volumes/导演们/阿伦·雷乃/生命是部小说	/Volumes/导演们/阿伦·雷乃/生命是部小说/生命是部小说.1983.La.vie.est.un.roman.mkv	0	1			ADD_TO_MUX_QUEUE	movie plus external subtitles, no OG movie
NEW_OR_PENDING	UNKNOWN	/Volumes/导演们/阿伦·雷乃/雕像也会死亡(英字)	/Volumes/导演们/阿伦·雷乃/雕像也会死亡(英字)/雕像也会死亡.Les.Statues.Meurent.Aussi.1953.mkv	0	1			ADD_TO_MUX_QUEUE	movie plus external subtitles, no OG movie
NEW_OR_PENDING	UNKNOWN	/Volumes/导演们/英格玛·伯格曼/刺激	/Volumes/导演们/英格玛·伯格曼/刺激/刺激.Stimulantia.1967.VHSRiP.Xvid.mkv	0	1			ADD_TO_MUX_QUEUE	movie plus external subtitles, no OG movie
NEW_OR_PENDING	UNKNOWN	/Volumes/导演们/英格玛·伯格曼/映画创造者	/Volumes/导演们/英格玛·伯格曼/映画创造者/映画创造者.Bildmakarna.2000.Ingmar.Bergman.mkv	0	1			ADD_TO_MUX_QUEUE	movie plus external subtitles, no OG movie
NEW_OR_PENDING	UNKNOWN	/Volumes/导演们/英格玛·伯格曼/面对面	/Volumes/导演们/英格玛·伯格曼/面对面/面对面.Ansikte.mot.Ansikte.1976.Face.to.Face.mkv	0	1			ADD_TO_MUX_QUEUE	movie plus external subtitles, no OG movie
NEW_OR_PENDING	UNKNOWN	/Volumes/导演们/费德里科·费里尼/卖艺春秋	/Volumes/导演们/费德里科·费里尼/卖艺春秋/卖艺春秋.Variety.Lights.1950.CC.BluRay.1080p.x265.10bit.AC3.iNT-TLF.mkv	0	1			ADD_TO_MUX_QUEUE	movie plus external subtitles, no OG movie
NEW_OR_PENDING	UNKNOWN	/Volumes/导演们/南尼·莫莱蒂/凯门鳄	/Volumes/导演们/南尼·莫莱蒂/凯门鳄/凯门鳄.The.Caiman.2006.576p.WEB-DL.H264-FW.mkv	0	1			ADD_TO_MUX_QUEUE	movie plus external subtitles, no OG movie
NEW_OR_PENDING	UNKNOWN	/Volumes/导演们/沃纳·赫尔佐格/乌代布尔王公的古怪私人院	/Volumes/导演们/沃纳·赫尔佐格/乌代布尔王公的古怪私人院/乌代布尔王公的古怪私人院.Jag.Mandir.1991.Werner.Herzog.mkv	0	2			ADD_TO_MUX_QUEUE	movie plus external subtitles, no OG movie
NEW_OR_PENDING	UNKNOWN	/Volumes/导演们/沃纳·赫尔佐格/在世界尽头相遇	/Volumes/导演们/沃纳·赫尔佐格/在世界尽头相遇/在世界尽头相遇.Encounters.At.The.End.Of.The.World.2007.mkv	0	4			ADD_TO_MUX_QUEUE	movie plus external subtitles, no OG movie
NEW_OR_PENDING	UNKNOWN	/Volumes/导演们/沃纳·赫尔佐格/来自深处的钟声	/Volumes/导演们/沃纳·赫尔佐格/来自深处的钟声/来自深处的钟声.Bells.from.the.Deep.-.Faith.and.Superstition.in.Russia.(Werner.Herzog).1993.DVDRIP.Xvid.mkv	0	2			ADD_TO_MUX_QUEUE	movie plus external subtitles, no OG movie
NEW_OR_PENDING	UNKNOWN	/Volumes/导演们/沃纳·赫尔佐格/沃采克	/Volumes/导演们/沃纳·赫尔佐格/沃采克/沃采克.Woyzeck.1979.mkv	0	1			ADD_TO_MUX_QUEUE	movie plus external subtitles, no OG movie
NEW_OR_PENDING	UNKNOWN	/Volumes/导演们/沃纳·赫尔佐格/灰熊人	/Volumes/导演们/沃纳·赫尔佐格/灰熊人/灰熊人.Grizzly.Man.2005.BDRip.480p.x264.AC3-CHD.mkv	0	1			ADD_TO_MUX_QUEUE	movie plus external subtitles, no OG movie
NEW_OR_PENDING	UNKNOWN	/Volumes/导演们/沃纳·赫尔佐格/玻璃精灵	/Volumes/导演们/沃纳·赫尔佐格/玻璃精灵/玻璃精灵.Herz.aus.Glas.1976.DVDrip.by.Galmuchet.mkv	0	1			ADD_TO_MUX_QUEUE	movie plus external subtitles, no OG movie
NEW_OR_PENDING	UNKNOWN	/Volumes/导演们/沃纳·赫尔佐格/赫尔佐格短片集/士兵的歌谣	/Volumes/导演们/沃纳·赫尔佐格/赫尔佐格短片集/士兵的歌谣/士兵的歌谣.Ballad.of.the.Little.Soldier.-.Werner.Herzog.1984.mkv	0	2			ADD_TO_MUX_QUEUE	movie plus external subtitles, no OG movie
NEW_OR_PENDING	UNKNOWN	/Volumes/导演们/沃纳·赫尔佐格/赫尔佐格短片集/德意志要塞无防范之抵御	/Volumes/导演们/沃纳·赫尔佐格/赫尔佐格短片集/德意志要塞无防范之抵御/Die.Beispiellose.Verteidigung.der.Festung.Deutschkreuz.aka.The.Unprecedented.Defence.of.the.Fortr.mkv	0	2			ADD_TO_MUX_QUEUE	movie plus external subtitles, no OG movie
NEW_OR_PENDING	UNKNOWN	/Volumes/导演们/沃纳·赫尔佐格/赫尔佐格短片集/最后的话	/Volumes/导演们/沃纳·赫尔佐格/赫尔佐格短片集/最后的话/Letzte.Worte.mkv	0	1			ADD_TO_MUX_QUEUE	movie plus external subtitles, no OG movie
NEW_OR_PENDING	UNKNOWN	/Volumes/导演们/沃纳·赫尔佐格/赫尔佐格短片集/残疾人的未来	/Volumes/导演们/沃纳·赫尔佐格/赫尔佐格短片集/残疾人的未来/残疾人的未来.Handicapped.Future.-.Werner.Herzog.1971.mkv	0	2			ADD_TO_MUX_QUEUE	movie plus external subtitles, no OG movie
NEW_OR_PENDING	UNKNOWN	/Volumes/导演们/沃纳·赫尔佐格/赫尔佐格短片集/没人愿意跟我玩	/Volumes/导演们/沃纳·赫尔佐格/赫尔佐格短片集/没人愿意跟我玩/Mit.mir.will.keiner.spielen.mkv	0	1			ADD_TO_MUX_QUEUE	movie plus external subtitles, no OG movie
NEW_OR_PENDING	UNKNOWN	/Volumes/导演们/沃纳·赫尔佐格/赫尔佐格短片集/荷索的自画像	/Volumes/导演们/沃纳·赫尔佐格/赫尔佐格短片集/荷索的自画像/荷索的自画像.Portrait.Werner.Herzg.1986.Werner.Herzog.mkv	0	2			ADD_TO_MUX_QUEUE	movie plus external subtitles, no OG movie
NEW_OR_PENDING	UNKNOWN	/Volumes/导演们/沃纳·赫尔佐格/阿基尔，上帝的愤怒	/Volumes/导演们/沃纳·赫尔佐格/阿基尔，上帝的愤怒/阿基尔.上帝的愤怒.Aguirre.der.Zorn.Gottes.1972.mkv	0	3			ADD_TO_MUX_QUEUE	movie plus external subtitles, no OG movie
NEW_OR_PENDING	UNKNOWN	/Volumes/导演们/沃纳·赫尔佐格/黑暗之课	/Volumes/导演们/沃纳·赫尔佐格/黑暗之课/黑暗之课.Werner.Herzog.-.Lektionen.in.Finsternis.-.Lessons.of.Darkness.engl-german.1992.-.Iraq.War.mkv	0	1			ADD_TO_MUX_QUEUE	movie plus external subtitles, no OG movie
DONE_VERIFIED_TEXT_OK	HIGH	/Volumes/导演们/克日什托夫·基耶斯洛夫斯基/关于基耶斯洛夫斯的纪录片/基耶斯洛夫斯如是说	/Volumes/导演们/克日什托夫·基耶斯洛夫斯基/关于基耶斯洛夫斯的纪录片/基耶斯洛夫斯如是说/基耶斯洛夫斯基谈基耶斯洛夫斯基.Krzysztof.Wierzbickii.-.1995.-.Krzysztof.Kieslowski-.I.m.so.so.(documentary).mkv	1+	1	1	1	SAFE_TO_PLAN_CLEANUP	track=2 lang=chi/zh default=1 codec=SubRip/SRT cjk=7007 bad=0 lines=2886
NEW_OR_PENDING	UNKNOWN	/Volumes/导演们/克日什托夫·基耶斯洛夫斯基/短片/愿望音乐会	/Volumes/导演们/克日什托夫·基耶斯洛夫斯基/短片/愿望音乐会/愿望音乐会.Concert.of.Wishes.1967.mkv	0	2			ADD_TO_MUX_QUEUE	movie plus external subtitles, no OG movie
NEW_OR_PENDING	UNKNOWN	/Volumes/导演们/达米恩·查泽雷/登月第一人	/Volumes/导演们/达米恩·查泽雷/登月第一人/登月第一人.First.Man.2018.IMAX.BDRip.X264.iNT-TLF.mkv	0	1			ADD_TO_MUX_QUEUE	movie plus external subtitles, no OG movie
NEW_OR_PENDING	UNKNOWN	/Volumes/导演们/卢基诺·维斯康蒂/纳粹狂魔	/Volumes/导演们/卢基诺·维斯康蒂/纳粹狂魔/纳粹狂魔.La.Caduta.Degli.Dei.1969.DVDRip.DivX.mkv	0	2			ADD_TO_MUX_QUEUE	movie plus external subtitles, no OG movie
NEW_OR_PENDING	UNKNOWN	/Volumes/导演们/阿里·艾斯特/爱丁顿	/Volumes/导演们/阿里·艾斯特/爱丁顿/爱丁顿.Eddington.2025.2160p.AMZN.WEB-DL.DDP5.1.Atmos.H.265-BYNDR.mkv	0	1			ADD_TO_MUX_QUEUE	movie plus external subtitles, no OG movie
NEW_OR_PENDING	UNKNOWN	/Volumes/导演们/莱奥·卡拉克斯/神圣车行	/Volumes/导演们/莱奥·卡拉克斯/神圣车行/神圣车行.Holy.Motors.2012.1080p.BluRay.DTS.x265-10bit-TAGHD.mkv	0	1			ADD_TO_MUX_QUEUE	movie plus external subtitles, no OG movie
NEW_OR_PENDING	UNKNOWN	/Volumes/导演们/莱奥·卡拉克斯/忧郁的扼杀	/Volumes/导演们/莱奥·卡拉克斯/忧郁的扼杀/Strangulation.blues.1980.忧郁的扼杀.480x360.VP9-DMR.mkv	0	1			ADD_TO_MUX_QUEUE	movie plus external subtitles, no OG movie
DONE_VERIFIED_TEXT_OK	HIGH	/Volumes/导演们/布鲁诺·杜蒙/撒旦之外	/Volumes/导演们/布鲁诺·杜蒙/撒旦之外/撒旦之外.Hors.Satan.2011.1080p.mkv	1+	1	4	1	SAFE_TO_PLAN_CLEANUP	track=6 lang=chi/zh default=1 codec=SubStationAlpha cjk=1735 bad=0 lines=235
DONE_VERIFIED_TEXT_OK	HIGH	/Volumes/导演们/布鲁诺·杜蒙/哈德维希	/Volumes/导演们/布鲁诺·杜蒙/哈德维希/哈德维希.Hadewijch.2009.720p.BluRay.DD.5.1.x264-EA.mkv	1+	1	3	1	SAFE_TO_PLAN_CLEANUP	track=4 lang=chi/zh default=1 codec=SubRip/SRT cjk=4255 bad=0 lines=2425
