folder	movies	root_subtitles	sidecars	unsupported_subtitles	subdirs	other_files
/Volumes/导演们/拉斯·冯·特里尔/曼德勒	2	曼德勒.Manderlay.2005.LiMiTED.DVDSCR.XVID.babies.cd1.chs.srt;曼德勒.Manderlay.2005.LiMiTED.DVDSCR.XVID.babies.cd2.chs.srt			0	0
/Volumes/导演们/让·雷诺阿/逃兵	1	逃兵.idx	逃兵.sub		0	0
/Volumes/导演们/安杰伊·瓦依达/入侵立陶宛	2	VTS_03_0.idx	VTS_03_0.sub		0	0
/Volumes/导演们/安杰伊·瓦依达/婚礼	2	Andrzej.Wajda.1973.Wesele.cd1.eng.srt;Andrzej.Wajda.1973.Wesele.cd1.srt;Andrzej.Wajda.1973.Wesele.cd2.chn.srt;Andrzej.Wajda.1973.Wesele.cd2.eng.srt;Andrzej.Wajda.1973.Wesele.cd2.srt			0	0
/Volumes/导演们/安杰伊·瓦依达/灰烬/灰烬Popily	0	Popioly.CD1..srt;Popioly.CD2..srt;Popioly.CD3..srt;灰烬 Popioly.CD1.chn.srt;灰烬 Popioly.CD2.chn.srt;灰烬 Popioly.CD3.chn.srt			0	0
/Volumes/导演们/大卫·林奇/妖夜荒踪	0	Lost.Highway.1997.DVDrip.Xvid.AC3-YYddr.gb.srt			0	0
/Volumes/导演们/弗朗索瓦·特吕弗/零用钱	1	零用钱.L.Argent.De.Poche.(1975.-.Fr.Truffaut).idx	零用钱.L.Argent.De.Poche.(1975.-.Fr.Truffaut).sub		0	0
/Volumes/导演们/弗里茨·朗/万里追踪	0	万里追踪.Man.Hunt.1941.idx	万里追踪.Man.Hunt.1941.sub		0	1
/Volumes/导演们/弗里茨·朗/大内幕	0	伟大的警察1953.idx	伟大的警察1953.sub		0	1
/Volumes/导演们/弗里茨·朗/狂怒	0	狂怒.Fury.1936.idx	狂怒.Fury.1936.sub		0	1
/Volumes/导演们/弗里茨·朗/绿窗艳影	0	绿窗艳影.idx	绿窗艳影.sub		0	1
/Volumes/导演们/弗里茨·朗/血红街道	1	血红街道.Scarlet.Street.1945.chs.idx	血红街道.Scarlet.Street.1945.chs.sub		0	0
/Volumes/导演们/路易·马勒/大西洋城	1	大西洋城.Atlantic.City.(Louis.Malle.1980).(Spanish.English).DVD-Rip.XviD.idx	大西洋城.Atlantic.City.(Louis.Malle.1980).(Spanish.English).DVD-Rip.XviD.sub		0	0
/Volumes/导演们/路易·马勒/鬼火	1	鬼火.Louis.Malle-Le.Feu.follet.1963.chs.idx	鬼火.Louis.Malle-Le.Feu.follet.1963.chs.sub		0	0
/Volumes/导演们/罗伯托·罗西里尼/罗维雷将军	1	罗维雷将军.Il.Generale.Della.Rovere.1959.BD.MiniSD-TLF.chs.idx	罗维雷将军.Il.Generale.Della.Rovere.1959.BD.MiniSD-TLF.chs.sub		0	0
/Volumes/导演们/乔拉·赫兹/魔格亚纳	1	魔格亚纳.Morgiana.1972.idx	魔格亚纳.Morgiana.1972.sub		0	0
/Volumes/导演们/清水宏/多谢先生	1	多谢先生.Arigato-san.1936.chs.idx	多谢先生.Arigato-san.1936.chs.sub		0	0
/Volumes/导演们/清水宏/按摩师与女人	1	按摩师与女人.Anma.to.onna.1938.chs.idx	按摩师与女人.Anma.to.onna.1938.chs.sub		0	0
/Volumes/导演们/清水宏/港口的日本姑娘	1	港口的日本姑娘.Hiroshi.Shimizu.1933.Minato.No.Nihon.Musume.idx	港口的日本姑娘.Hiroshi.Shimizu.1933.Minato.No.Nihon.Musume.sub		0	0
/Volumes/导演们/清水宏/簪	1	簪.Ornamental.Hairpin.1941.idx	簪.Ornamental.Hairpin.1941.sub		0	0
/Volumes/导演们/清水宏/风中的子供	1	风中的子供.chs.idx	风中的子供.chs.sub		0	0
/Volumes/导演们/让-克劳德·布里索/残酷的游戏	2	残酷的游戏.A.Brutal.Game.1983.Un.jeu.brutal.srt			0	0
/Volumes/导演们/让-克劳德·布里索/黑天使	2	L'ange.noir.(1994).srt;White.Wedding.(1989).Noce.Blanche.ch.srt;White.Wedding.(1989).Noce.Blanche.en.srt			0	0
/Volumes/导演们/罗伯特·布列松/布劳涅森林的女人们	1	布劳涅森林的女人们.Dames.du.Bois.De.Boulogne.1945.chs.idx	布劳涅森林的女人们.Dames.du.Bois.De.Boulogne.1945.chs.sub		0	0
/Volumes/导演们/罗伯特·布列松/通往布列松之路	1	通往布列松之路.The.Road.to.Bresson.1984.idx	通往布列松之路.The.Road.to.Bresson.1984.sub		0	0
/Volumes/导演们/马丁·斯科塞斯/纯真年代	2	the.age.of.innocence.cd1.1993.dvdrip.xvid.particle.idx;the.age.of.innocence.cd2.1993.dvdrip.xvid.particle.idx	1.sub;2.sub		0	0
/Volumes/导演们/马丁·斯科塞斯/美国电影之旅	3	美国电影之旅1995.1.idx;美国电影之旅1995.2.idx;美国电影之旅1995.3.idx	美国电影之旅1995.1.sub;美国电影之旅1995.2.sub;美国电影之旅1995.3.sub		0	0
/Volumes/导演们/玛琳·黛德丽[演员]/Marlene Dietrich Her Own Song玛琳·黛德丽的故事	1	Marlene Dietrich her own song.2001.CD01.idx	Marlene Dietrich her own song.2001.CD01.sub		0	0
/Volumes/导演们/玛琳·黛德丽[演员]/Morocco摩洛哥	1	VTS_01_0.idx	VTS_01_0.sub		0	0
/Volumes/导演们/玛琳·黛德丽[演员]/Pittsburgh匹兹堡	1		Pittsburgh.sub		0	0
/Volumes/导演们/玛琳·黛德丽[演员]/The Garden of Allah阿拉的花园	1	阿拉的花园.The.Garden.of.Allah.1936.Marlene.Dietricht.(.Eng-Span).srt			0	0
/Volumes/导演们/迈克尔·柯蒂斯/欲海情魔	0	欲海情魔.Mildred.Pierce.1945.chs.idx	欲海情魔.Mildred.Pierce.1945.chs.sub		0	1
/Volumes/导演们/琪拉·穆拉托娃/一事二了/英文字幕	0	dva_v_odnom_DVDRip.idx	dva_v_odnom_DVDRip.sub		0	0
/Volumes/导演们/琪拉·穆拉托娃/狂热/狂熱	0	VTS_03_0.idx	VTS_03_0.sub		0	0
/Volumes/导演们/琪拉·穆拉托娃/衰弱症/Astenicheskiy sindrom (1989)	0	Astenicheskiy sindrom (1989).srt;Astenicheskiy_sindrom_chs(1989).srt			0	0
/Volumes/导演们/琪拉·穆拉托娃/调音师/1CD	0	Nastroishik.(2004).簡體.srt;Nastroishik.(2004).繁體.srt			0	0
/Volumes/导演们/琪拉·穆拉托娃/调音师/调音师1	1	Nastroyshchik (2004) CD 1簡體.srt;Nastroyshchik (2004) CD 1繁體.srt			0	0
/Volumes/导演们/琪拉·穆拉托娃/调音师/调音师2	1	Nastroyshchik (2004) CD 2簡體.srt;Nastroyshchik (2004) CD 2繁體.srt			0	0
/Volumes/导演们/让·吕克.戈达尔/当戈达尔遇到伍迪艾伦	1	当戈达尔遇到伍迪艾伦.Meeting.Woody.Allen.1986.chs.srt			0	0
/Volumes/导演们/阿基·考里斯马基/王子复仇新记	1	王子复仇新记.Aki.Kaurismaki.1987.-.Hamlet.Goes.Business.VOSE.chs.idx	王子复仇新记.Aki.Kaurismaki.1987.-.Hamlet.Goes.Business.VOSE.chs.sub		0	0
/Volumes/导演们/阿莫多瓦/斗牛士	1	Matador.1986.iNTERNAL.DVDRip.XviD-tOlaNd.idx	Matador.1986.iNTERNAL.DVDRip.XviD-tOlaNd.sub		0	0
/Volumes/导演们/阿莫多瓦/活色生香	1	活色生香.Live.Flesh.1997.DVDRip.XviD.iNT-YYddr.idx	活色生香.Live.Flesh.1997.DVDRip.XviD.iNT-YYddr.sub		0	0
/Volumes/导演们/阿莫多瓦/激情迷宫	1	激情迷宫.labyrinth.of.passion.1982.dvdrip.xvid-imbt.idx	激情迷宫.labyrinth.of.passion.1982.dvdrip.xvid-imbt.sub		0	0
/Volumes/导演们/阿莫多瓦/食男人肉的女议员	0	食男人肉的女议员.2009.La.Concejala.Antrop.faga.-.The.Cannibalistic.Councilwoman.chs.srt			0	1
/Volumes/导演们/阿涅斯·瓦尔达/一个唱,一个不唱	1	一个唱一个不唱(法)1977.idx	VTS_01_0.sub		0	0
/Volumes/导演们/阿涅斯·瓦尔达/小心太阳眼镜/关于《小心太阳眼镜》[英字]	1	VTS_01_0.idx	VTS_01_0.sub		0	0
/Volumes/导演们/阿涅斯·瓦尔达/阿涅斯·瓦尔达在这里和那里	5	Agnès.de.ci.de.là.Varda.(2011).1-5.srt;Agnès.de.ci.de.là.Varda.(2011).2-5.srt;Agnès.de.ci.de.là.Varda.(2011).3-5.srt;Agnès.de.ci.de.là.Varda.(2011).4-5.srt;Agnès.de.ci.de.là.Varda.(2011).5-5.srt			0	0
/Volumes/导演们/达内兄弟/一诺千金	2	[一诺千金].La.Promesse.1996.DVDRip.DivX-QiX.baofeng.idx;La.promesse.1996.CC.BDRip.X264.iNT-TLF.chs.srt;La.promesse.1996.CC.BDRip.X264.iNT-TLF.eng.srt	[一诺千金].La.Promesse.1996.DVDRip.DivX-QiX.baofeng.sub		0	0
/Volumes/导演们/达内兄弟/他人之子	1	The.Other.Son.2012.BDRip.X264.iNT-TLF.CHS.srt;The.Other.Son.2012.BDRip.X264.iNT-TLF.CHT.srt;The.Other.Son.2012.BDRip.X264.iNT-TLF.eng.srt			0	1
/Volumes/导演们/莱妮·里芬斯塔尔/奥林匹亚1：民族的节日	1	奥林匹亚1：民族的节日.Olympia.I.1938.idx	奥林匹亚1：民族的节日.Olympia.I.1938.sub		0	0
/Volumes/导演们/路易斯·布努埃/无粮之土	1	无粮之土.Las.Hurdes.DVDRip.XviD.chs.idx	无粮之土.Las.Hurdes.DVDRip.XviD.chs.sub		0	0
/Volumes/导演们/路易斯·布努埃/沙漠中的西蒙	1	沙漠中的西蒙.1965.Simon.del.Desierto.chs.idx	沙漠中的西蒙.1965.Simon.del.Desierto.chs.sub		0	0
/Volumes/导演们/路易斯·布努埃尔/墨西哥巴士奇遇	1	墨西哥巴士奇遇.Subida.al.cielo.1952.chs.idx	墨西哥巴士奇遇.Subida.al.cielo.1952.chs.sub		0	0
/Volumes/导演们/路易斯·布努埃尔/奇异的激情	1	奇异的激情.El.1952.DVDRip.XviD-QiX.chs.idx	奇异的激情.El.1952.DVDRip.XviD-QiX.chs.sub		0	0
/Volumes/导演们/路易斯·布努埃尔/帕欧的火山	1	帕欧的火山.La.Fièvre.Monte.à.El.Pao.chs.idx	帕欧的火山.La.Fièvre.Monte.à.El.Pao.chs.sub		0	0
/Volumes/导演们/路易斯·布努埃尔/没有爱的女人	1	Una.Mujer.sin.amor.没有爱的女人.chs.idx	Una.Mujer.sin.amor.没有爱的女人.chs.sub		0	0
/Volumes/导演们/路易斯·布努埃尔/泯灭天使	1	泯灭天使(西)1962.idx	泯灭天使(西)1962.sub		0	0
/Volumes/导演们/路易斯·布努埃尔/纳萨林	1	纳萨林.Nazarin.1958.chs.idx	纳萨林.Nazarin.1958.chs.sub		0	0
/Volumes/导演们/路易斯·布努埃尔/这就叫黎明	1	这就叫黎明.Cela.s'appelle.l'aurore.1956.chs.idx	这就叫黎明.Cela.s'appelle.l'aurore.1956.chs.sub		0	0
/Volumes/导演们/路易斯·布努埃尔/银河	1	银河.Luis.Bunuel.-.le.Voie.Lactee.1969.chs.idx	银河.Luis.Bunuel.-.le.Voie.Lactee.1969.chs.sub		0	0
/Volumes/导演们/罗伯特·奥尔特曼/像我们一样的强盗	1	像我们一样的强盗.Theives.Like.Us.1974.chs.idx	像我们一样的强盗.Theives.Like.Us.1974.chs.sub		0	0
/Volumes/导演们/罗伯特·奥尔特曼/漫长的告别	1	漫长的告别1973.idx	VTS_01_0.sub		0	0
/Volumes/导演们/罗伯特·奥尔特曼/秘密的荣耀	1	秘密的荣耀.Secret.Honor.1984.chs.idx	秘密的荣耀.Secret.Honor.1984.chs.sub		0	0
/Volumes/导演们/马克斯·奥菲尔斯/伯爵夫人的耳环	1	伯爵夫人的耳环.Madame.de.1953.DVDrip.XviD.AC3.iNT-alaundo.chs.idx	伯爵夫人的耳环.Madame.de.1953.DVDrip.XviD.AC3.iNT-alaundo.chs.sub		0	0
/Volumes/导演们/米洛斯·福尔曼/消防员舞会/字幕	0	消防员舞会.Milos_Forman-Horí,_má_panenko_(_The_Firemen_s_Ball_)_(1967).idx	消防员舞会.Milos_Forman-Horí,_má_panenko_(_The_Firemen_s_Ball_)_(1967).sub		0	0
/Volumes/导演们/米洛斯·福尔曼/爵士年代	1	爵士年代.Ragtime.chs.idx	爵士年代.Ragtime.chs.sub		0	0
/Volumes/导演们/约翰·福特/安邦定国志	2	Cheyenne.Autumn.CD1.eng.srt;Cheyenne.Autumn.CD2.eng.srt			0	0
/Volumes/导演们/约翰·福特/荒漠义侠[字幕需调整]	1	3.Godfathers.idx	3.Godfathers.sub		0	0
/Volumes/导演们/约翰·福特/麦凯警长	1	麦凯警长.Two.Rode.Together.1961.DVDRip.XviD.chs.srt;麦凯警长.Two.Rode.Together.1961.DVDRip.XviD.eng.srt			0	0
/Volumes/导演们/约翰·卡萨维茨/买起唐人经纪	1	买起唐人经纪.The.Killing.of.a.Chinese.Bookie.-.John.Cassavetes.1976.chs.idx	买起唐人经纪.The.Killing.of.a.Chinese.Bookie.-.John.Cassavetes.1976.chs.sub		0	0
/Volumes/导演们/约翰·卡萨维茨/天下父母心	1	天下父母心A.Child.Is.Waiting.1963.idx	天下父母心A.Child.Is.Waiting.1963.sub		0	0
/Volumes/导演们/约翰·卡萨维茨/夫君	1	夫君.Husbands.1970.idx	夫君.Husbands.1970.sub		0	0
/Volumes/导演们/约翰·卡萨维茨/影子	1	影子.John.Cassavetes.Shadows.chs.idx	影子.John.Cassavetes.Shadows.chs.sub		0	0
/Volumes/导演们/约翰·卡萨维茨/权势下的女人	2	权势下的女人A.Woman.Under.the.Influence.1974.DVDRip.XviD.iNT-YYddr.cd1.srt;权势下的女人A.Woman.Under.the.Influence.1974.DVDRip.XviD.iNT-YYddr.cd2.srt			0	0
/Volumes/导演们/约翰·卡萨维茨/爱的激流	2	爱的激流.Love.Streams.cd1.idx;爱的激流.Love.Streams.cd2.idx	爱的激流.Love.Streams.cd1.sub;爱的激流.Love.Streams.cd2.sub		0	0
/Volumes/导演们/约翰·卡萨维茨/面孔	1	John.Cassavetes.Faces.chs.idx	John.Cassavetes.Faces.chs.sub		0	0
/Volumes/导演们/约翰·卡萨维茨/首演之夜	2	首演之夜.Opening.Night.CD1.chs.srt;首演之夜.Opening.Night.CD2.chs.srt			0	0
/Volumes/导演们/河濑直美/萌之朱雀	1	朱雀之萌.idx	朱雀之萌.sub		0	0
/Volumes/导演们/罗曼·波兰斯基/怪房客	1	房客.The.Tenant.(Roman.Polanski).1976.DVDRIP.XviD.chs.idx	房客.The.Tenant.(Roman.Polanski).1976.DVDRIP.XviD.chs.sub		0	0
/Volumes/导演们/法斯宾德/世界旦夕之间/字幕	0	Welt.am.Draht-RWF-Divx-Teil1.srt;Welt.am.Draht-RWF-Divx-Teil2.srt			0	0
/Volumes/导演们/盖伊·马丁/世界上最悲伤的音乐	1	世界上最悲伤的音乐.the.Saddest.Music.in.the.World.2003.SMz.idx	世界上最悲伤的音乐.the.Saddest.Music.in.the.World.2003.SMz.sub		0	0
/Volumes/导演们/盖伊·马丁/我的温尼伯湖	1	我的温尼伯湖.My.Winnipeg.2007.DVDRiP.XViD-DOCUMENT.idx	我的温尼伯湖.My.Winnipeg.2007.DVDRiP.XViD-DOCUMENT.sub		0	0
/Volumes/导演们/盖伊·马丁/钥匙孔/Subs	0	keyhole.2011.limited.bdrip.xvid-psychd.idx	keyhole.2011.limited.bdrip.xvid-psychd.sub		0	0
/Volumes/导演们/杰兹·斯科利莫夫斯基/栅栏	1	栅栏.Bariera.1966.chs.srt			0	0
/Volumes/导演们/深作欣二/仁义的墓场	1	仁义的墓场.chs.idx	仁义的墓场.chs.sub		0	0
/Volumes/导演们/深作欣二/华之乱	2	华之乱.Hana.no.ran.1988.aka.A.Chaos.of.Flowers.DVDrip.cd1.chs.srt;华之乱.Hana.no.ran.1988.aka.A.Chaos.of.Flowers.DVDrip.cd2.chs.srt			0	0
/Volumes/导演们/深作欣二/无仁义之战	1	无仁义之战.chs.idx	无仁义之战.chs.sub		0	0
/Volumes/导演们/施隆多夫/推销员之死	3	推销员之死.De.D2-WAF.ssa;推销员之死.Death.Of.A.Salesman.1985.XviD.AC3.CD1-WAF.ssa;推销员之死.Death.Of.A.Salesman.1985.XviD.AC3.CD3-WAF.ssa			0	0
/Volumes/导演们/施隆多夫/玻璃玫瑰	1	Voyager.1991.DVDRip.XviD-FRAGMENT.idx	Voyager.1991.DVDRip.XviD-FRAGMENT.sub		0	0
/Volumes/导演们/施隆多夫/青年特尔勒斯	1	青年特尔勒斯.1966.idx	青年特尔勒斯.1966.sub		0	0
/Volumes/导演们/斯蒂芬·乌赫尔/网中的太阳	1	网中的太阳.Slnko.v.sieti.1962.srt			0	0
/Volumes/导演们/斯特劳布于勒夫妇/索福克勒斯的安提戈涅	1	索福克勒斯的安提戈涅.Antigone.(Jean-Marie.Straub.&.Danièle.Huillet.1992).Dvdrip.srt			0	0
/Volumes/导演们/特伦斯·戴维斯/特伦斯·戴维斯三部曲	4	Children.(1976).dvdrip.with.comment.srt;Death.and.Transfiguration.(1983).DVDRip.with.comment.srt;Madonna.and.Child.(1980).dvdrip.with.comment.srt			0	0
/Volumes/导演们/维拉·希蒂洛娃/(1970)天堂禁果 Ovoce stromu rajských jíme	1	Fruit.of.paradise.EN.srt;Fruit.of.paradise.ES.srt;Ovoce.stromu.rajskych.jime.1969.iNT.DVDRip.XviD.CD1-SCHWEiK.srt;Ovoce.stromu.rajskych.jime.1969.iNT.DVDRip.XviD.CD2-SCHWEiK.srt			1	0
/Volumes/导演们/维拉·希蒂洛娃/(1979)预制板的故事 Panelstory aneb Jak se rodí sídliste	1	预制板的故事.Panelstory-aneb-Jak-se-rodí-sídliště-.1979.-czdub.srt			0	0
/Volumes/导演们/维拉·希蒂洛娃/不幸的事	1		不幸的事.Kalamita.1982.sub		0	0
/Volumes/导演们/阿贝尔·冈斯/[决战奥斯特里兹].Austerlitz/french (ponctual) idx+sub	0	AUSTERLITZ 1960.DVDrip.by_Galmuchet.session-00.VTS_1_0.idx	AUSTERLITZ 1960.DVDrip.by_Galmuchet.session-00.VTS_1_0.sub		0	0
/Volumes/导演们/阿贝尔·冈斯/拿破仑	1	Napoleon.(Abel.Gance)-Coppola.chs.2.srt;Napoleon.(Abel.Gance)-Coppola.chs.srt			0	0
/Volumes/导演们/贝拉·塔尔/麦克白	1	Macbeth (1982_II).orig.idx	Macbeth (1982_II).orig.sub		0	0
/Volumes/导演们/贝拉·塔尔/麦莱锡福利旅店	2	Hotel Magnezit (1980) (Tarr Béla).srt			0	0
/Volumes/导演们/贝特朗·布里叶/不伦之恋	1	不伦之恋.Beau-pere.1981.DVDRip.DivX.Fr.idx	不伦之恋.Beau-pere.1981.DVDRip.DivX.Fr.sub		0	0
/Volumes/导演们/贝特朗·布里叶/感谢你生活	1	感谢你生活.Merci.la.vie.1991.Bertrand.Blier.DVD.XviD.FR.idx	感谢你生活.Merci.la.vie.1991.Bertrand.Blier.DVD.XviD.FR.sub		0	0
/Volumes/导演们/贝特朗·布里叶/我们的故事	1	我们的故事.Notre.histoire.1984.DVD.XviD.FR.idx	我们的故事.Notre.histoire.1984.DVD.XviD.FR.sub		0	0
/Volumes/导演们/波·维德伯格/碧血黄花	0	碧血黄花.Joe.Hill.1971.VHS.srt			0	1
/Volumes/导演们/达米彦·奥图/深呼吸	1	深呼吸.Le.souffle.2001.chs.idx	深呼吸.Le.souffle.2001.chs.sub		0	0
/Volumes/导演们/法兰提塞·维拉席/(1967)乱世英豪 Marketa Lazarová (1967)	2	乱世英豪.Marketa.Lazarova.1967.DVDRip.XviD-MESS-cd1.chs.idx;乱世英豪.Marketa.Lazarova.1967.DVDRip.XviD-MESS-cd2.chs.idx	乱世英豪.Marketa.Lazarova.1967.DVDRip.XviD-MESS-cd1.chs.sub;乱世英豪.Marketa.Lazarova.1967.DVDRip.XviD-MESS-cd2.chs.sub		0	0
/Volumes/导演们/法兰提塞·维拉席/阿德尔海	1	阿德尔海.Adelheid.1970.idx	阿德尔海.Adelheid.1970.sub		0	0
/Volumes/导演们/费尔南多·索拉纳斯/南方	1	南方.Sur.Fernando_E._Solanas.1988.idx	南方.Sur.Fernando_E._Solanas.1988.sub		0	0
/Volumes/导演们/费尔南多·索拉纳斯/探戈,加德尔的放逐	1	探戈,加德尔的放逐.TANGOS, EL EXILIO DE GARDEL.eng.idx			0	0
/Volumes/导演们/费尔南多·索拉纳斯/旅程	2	旅程.El.Viaje.1992.cd1.srt;旅程.El.Viaje.1992.cd2.srt			0	0
/Volumes/导演们/费尔南多·索拉纳斯/燃火的时刻	3	La hora de los Hornos (1) Neocolonialismo y Violencia - F. Solanas.srt;La hora de los Hornos (2) Acto para la Liberacion - F. Solanas.srt;La hora de los Hornos (3) Violencia y Liberacion - F. Solanas.srt;La Hora de los Hornos - 1 - Neocolonialismo y violencia-ENG.srt;La hora de los Hornos - 2 - Acto para la liberación-ENG.srt;La hora de los Hornos - 3 - Violencia y liberación-ENG.srt			0	0
/Volumes/导演们/霍华德·霍克斯/约克军曹	1	约克军曹.Sergeant.York.1941.DVDRip.X264.AAC-jeffWen.eng.idx	约克军曹.Sergeant.York.1941.DVDRip.X264.AAC-jeffWen.eng.sub		0	0
/Volumes/导演们/霍华德·霍克斯/绅士爱美人	1	绅士爱美人.Gentlemen.prefer.blondes.1953.DVDRip.Xvid-SOUTHSiDE.idx	绅士爱美人.Gentlemen.prefer.blondes.1953.DVDRip.Xvid-SOUTHSiDE.sub		0	0
/Volumes/导演们/莫尼切利/大战争	1	1959.大战争.La.grande.guerra.cn.srt;1959.大战争.La.grande.guerra.cnen.srt;1959.大战争.La.grande.guerra.en.srt			0	1
/Volumes/导演们/谢盖尔·帕拉杰诺夫/苏拉姆城堡的传说	1	Suram.Fortress.1984.Paradjanov.idx	Suram.Fortress.1984.Paradjanov.sub		0	0
/Volumes/导演们/阿莱克斯·德拉·伊格来希亚/800颗子弹	1		800.Balas.2002.DVDRip.DivX5-Gr4M.Eng.sub		0	0
/Volumes/导演们/阿莱克斯·德拉·伊格来希亚/闪灵双煞	1	Perdita.Durango.1997.iNTERNAL.DVDRiP.x264-tehPARADOX.idx	Perdita.Durango.1997.iNTERNAL.DVDRiP.x264-tehPARADOX.sub		0	0
/Volumes/导演们/阿兰·卡瓦利埃/狂乱	1	狂乱.La.Chamade.1968.srt			0	0
/Volumes/导演们/阿历克塞·巴拉巴诺夫/兄弟	1	Brat.(Rus).idx	Brat.(Rus).sub		0	0
/Volumes/导演们/阿历克塞·巴拉巴诺夫/吗啡	0	吗啡-RMVB.chs.srt;吗啡-RMVB.cht.srt;吗啡-RMVB.eng.srt			0	1
/Volumes/导演们/阿历克塞·巴拉巴诺夫/城堡	2	Zamak (Aleksei Balabanov) 1994.chs.srt;Zamak (Aleksei Balabanov) 1994.eng.srt			0	0
/Volumes/导演们/阿历克塞·巴拉巴诺夫/锅炉工	1	锅炉工.Kochegar.2010.XviD.DVDRip.chs.2.srt;锅炉工.Kochegar.2010.XviD.DVDRip.chs.3.srt;锅炉工.Kochegar.2010.XviD.DVDRip.chs.srt;锅炉工.Kochegar.2010.XviD.DVDRip.cht.srt			0	0
/Volumes/导演们/埃利达尔·梁赞诺夫/命运的捉弄	2	命运的捉弄.Irony.Of.Fate.1975.DVDRip.D.(1).Srt;命运的捉弄.Irony.Of.Fate.1975.DVDRip.D.Srt			0	0
/Volumes/导演们/埃利达尔·梁赞诺夫/意大利人在俄罗斯的奇遇	1	Act Unbelievable Adventures Of Italians In Russia Location Cn.idx	Act Unbelievable Adventures Of Italians In Russia Location Cn.sub		0	0
/Volumes/导演们/刘别谦/有声片/天堂陷阱	1	Trouble.in.Paradise.idx	Trouble.in.Paradise.sub		0	0
/Volumes/导演们/刘别谦/有声片/街角的商店	1	The.Shop.Around.The.Corner.1940.Lubitsch.DVDRip-Vostfr.chs.srt			0	1
/Volumes/导演们/梅尔维尔/海之沉默/字幕	0	[海之沉默].Le.silencd.de.la.mer.1949.DVDrip.Xvid.AC3.Alaundo.CD1.idx;[海之沉默].Le.silencd.de.la.mer.1949.DVDrip.Xvid.AC3.Alaundo.CD2.idx	[海之沉默].Le.silencd.de.la.mer.1949.DVDrip.Xvid.AC3.Alaundo.CD1.sub;[海之沉默].Le.silencd.de.la.mer.1949.DVDrip.Xvid.AC3.Alaundo.CD2.sub		0	0
/Volumes/导演们/帕索里尼/定理	1	定理.Teorema.1968.Pier.Paolo.Pasolini.DVDRip.XviD-KiNESiS.chs.idx	定理.Teorema.1968.Pier.Paolo.Pasolini.DVDRip.XviD-KiNESiS.chs.sub		0	0
/Volumes/导演们/帕索里尼/罗马妈妈/zimu	0	Mamma.Roma.1962.DVDRip.XviD-VH-PROD.big5.srt;Mamma.Roma.1962.DVDRip.XviD-VH-PROD.en.srt;Mamma.Roma.1962.DVDRip.XviD-VH-PROD.gb.srt;罗马妈妈(意)1962.srt			1	0
/Volumes/导演们/帕索里尼/罗马妈妈/zimu/06.27.04.Mamma.Roma.CnEn.SUB.PROD.NTK	0	maroma-vh-prod.big5.srt;maroma-vh-prod.en.srt;maroma-vh-prod.gb.srt			0	0
/Volumes/导演们/佩德罗·科斯塔/何处安放你藏起的笑容	1	Ou.git.votre.sourire.enfoui.2001.DVDRip.XviD-rb.idx	何处安放你藏起的笑容.Ou.git.votre.sourire.enfoui.2001.DVDRip.XviD-rb.sub		0	0
/Volumes/导演们/佩德罗·科斯塔/血	1	血.The.Blood.1989.PROPER.DVDRip.XviD-WRD.idx	血.The.Blood.1989.PROPER.DVDRip.XviD-WRD.sub		0	0
/Volumes/导演们/是枝裕和/下一站，天国	1	下一站，天国.Wandafuru.Raifu.1998.(After.Life).-.Hirokazu.Koreeda.subbed.idx	下一站，天国.Wandafuru.Raifu.1998.(After.Life).-.Hirokazu.Koreeda.subbed.sub		0	0
/Volumes/导演们/是枝裕和/奇迹	0	I.Wish.2011.CD1.DVDRip.XviD-WRD.idx;I.Wish.2011.CD2.DVDRip.XviD-WRD.idx	I.Wish.2011.CD1.DVDRip.XviD-WRD.sub;I.Wish.2011.CD2.DVDRip.XviD-WRD.sub		0	2
/Volumes/导演们/是枝裕和/距离	2	是枝裕和-2001-Distance-dvdrip.xvid.ac3.cd1.idx;是枝裕和-2001-Distance-dvdrip.xvid.ac3.cd2.idx	是枝裕和-2001-Distance-dvdrip.xvid.ac3.cd1.sub;是枝裕和-2001-Distance-dvdrip.xvid.ac3.cd2.sub		0	0
/Volumes/导演们/朱拉·亚库比斯克/(1980)家屋的梦想 Postav dom, zasad strom	1	POSTAV.DOM.ZASAD.STROM.SCN.Title1.DVDRip.chs.srt;POSTAV.DOM.ZASAD.STROM.SCN.Title1.DVDRip.srt			0	0
/Volumes/导演们/朱拉·亚库比斯克/(1989)潇洒上枝头	1	Sedim na konari a je mi dobre.idx	Sedim na konari a je mi dobre.sub		0	0
/Volumes/导演们/朱拉·亚库比斯克/背信者与流浪汉	2	Zbehovia.A.Putnici.(Juraj.Jakubisko.-.1968).CD1.cn.srt;Zbehovia.A.Putnici.(Juraj.Jakubisko.-.1968).CD1.eng.srt;Zbehovia.A.Putnici.(Juraj.Jakubisko.-.1968).CD2.cn.srt;Zbehovia.A.Putnici.(Juraj.Jakubisko.-.1968).CD2.eng.srt			0	0
/Volumes/导演们/朱拉·亚库比斯克/羽毛精灵	1		羽毛精灵.Perinbaba.1985.sub		0	0
/Volumes/导演们/安德烈·塔尔科夫斯基/塔尔科夫斯基《岛》	1	岛.Andrei.Tarkovsky.Sergei.Parajanov.-.Islands.chs.chs.srt;岛.Andrei.Tarkovsky.Sergei.Parajanov.-.Islands.chs.srt			0	0
/Volumes/导演们/安德烈·塔尔科夫斯基/安德烈·卢布廖夫	2	安德烈·卢布廖夫.Andrei.Rublyov.Part1.1966.BDRip.X264.iNT-TLF.chs.srt;安德烈·卢布廖夫.Andrei.Rublyov.Part2.1966.BDRip.X264.iNT-TLF.chs.srt			0	0
/Volumes/导演们/安哲罗普洛斯/亚历山大大帝	2	亚历山大大帝.Alexander.The.Great.1980.DVDRip.Xvid.CD1.chs.idx;亚历山大大帝.Alexander.The.Great.1980.DVDRip.Xvid.CD2.chs.idx	亚历山大大帝.Alexander.The.Great.1980.DVDRip.Xvid.CD1.chs.sub;亚历山大大帝.Alexander.The.Great.1980.DVDRip.Xvid.CD2.chs.sub		0	0
/Volumes/导演们/安哲罗普洛斯/尤利西斯生命之旅	2	尤利西斯生命之旅-A.Ulysses.Gaze.(To.Vlemma.Tou.Odyssea).(Director-Theo.Angelopoulos).CD1.DVDivX-Schizo.chs.idx;尤利西斯生命之旅-B.Ulysses.Gaze.(To.Vlemma.Tou.Odyssea).(Director-Theo.Angelopoulos).CD2.DVDivX-Schizo.chs.idx	尤利西斯生命之旅-A.Ulysses.Gaze.(To.Vlemma.Tou.Odyssea).(Director-Theo.Angelopoulos).CD1.DVDivX-Schizo.chs.sub;尤利西斯生命之旅-B.Ulysses.Gaze.(To.Vlemma.Tou.Odyssea).(Director-Theo.Angelopoulos).CD2.DVDivX-Schizo.chs.sub		0	0
/Volumes/导演们/安哲罗普洛斯/重建	2	重建(希)1970.idx;重建(希)1970CD2.idx;重建.Reconstruction.1970.DVDRip.Xvid.CD2.chs.idx	重建(希)1970.sub;重建(希)1970CD2.sub;重建.Reconstruction.1970.DVDRip.Xvid.CD2.chs.sub		0	0
/Volumes/导演们/奥德里奇·利普斯基/(1952)Haskovy povidky ze stareho mocnarstvi	1		Haskovy povidky ze stareho mocnarstvi.sub		0	0
/Volumes/导演们/奥德里奇·利普斯基/(1972)Sest medvedu s Cibulkou	1		6 medvedu s cibulkou.sub		0	0
/Volumes/导演们/奥德里奇·利普斯基/雷蒙纳多·乔	1	Limonadovy.Joe.aneb.Konska.opera.Lemonade.Joe.idx	Limonadovy.Joe.aneb.Konska.opera.Lemonade.Joe.sub		0	0
/Volumes/导演们/今村昌平/人间蒸发	1	人间蒸发(日)1967.idx	VTS_01_0.sub		0	0
/Volumes/导演们/今村昌平/西银座驿前	1	西银座驿前.Nishi.Ginza.Station.1958.idx	西银座驿前.Nishi.Ginza.Station.1958.sub		0	0
/Volumes/导演们/今村昌平/赤色杀机	1	VTS_03_0.idx	VTS_03_0.sub		0	0
/Volumes/导演们/今村昌平/酋山节考	2	酋山节考.Narayama.Bushiko.1982.Dvdrip.Xvid-Imbt-Cd1.chs.srt;酋山节考.Narayama.Bushiko.1982.Dvdrip.Xvid-Imbt-Cd2.chs.srt			0	0
/Volumes/导演们/克林特·伊斯特伍德/勇闯雷霆峰(英字)	1		Clint.Eastwood.-.The.Eiger.Sanction.eng.sub		0	0
/Volumes/导演们/林赛·安德森/假如	1	假如.If....1968.DVDRip.XviD-FRAGMENT.idx	假如.If....1968.DVDRip.XviD-FRAGMENT.sub		0	0
/Volumes/导演们/林赛·安德森/如此运动生涯	1	如此运动生涯.This.Sporting.Life.1963.512.24fps.630kbs.96abr.WunSeeDee.idx	如此运动生涯.This.Sporting.Life.1963.512.24fps.630kbs.96abr.WunSeeDee.sub		0	0
/Volumes/导演们/林赛·安德森/幸运儿	2	幸运儿O.Lucky.Man.1973.Disc.1.eng.srt;幸运儿O.Lucky.Man.1973.Disc.2.eng.srt			0	0
/Volumes/导演们/斯坦利·库布里克/幸运的马尔科姆	1	Lucky Malcolm.idx	Lucky Malcolm.sub		0	0
/Volumes/导演们/斯坦利·库布里克/斯坦利·库布里克：电影人生	2	kiss-skalip-cd1.idx;kiss-skalip-cd2.idx	kiss-skalip-cd1.sub;kiss-skalip-cd2.sub		0	0
/Volumes/导演们/斯坦利·库布里克/全金属外壳/全金属外壳：善与恶之间	1	Between Good and Evil.idx	Between Good and Evil.sub		0	0
/Volumes/导演们/斯坦利·库布里克/闪灵/《制作闪灵》---薇薇安·库布里克同步拍摄的《闪灵》纪录片	1	kiss-tmots.idx			0	1
/Volumes/导演们/斯坦利·库布里克/发条橙/制造“发条橙”大杂烩！	1	Making A Clockwork Orange.idx	Making A Clockwork Orange.sub		0	0
/Volumes/导演们/斯坦利·库布里克/发条橙/发条橙的回归	1	The Return of A Clockwork Orange.idx	The Return of A Clockwork Orange.sub		0	0
/Volumes/导演们/熊切和嘉/复仇之法	2	Freesia.Icy.Tears.2007.DVDRip.XviD.CD1-CHuMo.srt;Freesia.Icy.Tears.2007.DVDRip.XviD.CD2-CHuMo.srt			0	0
/Volumes/导演们/熊切和嘉/揮発性の女	1	揮発性女.Volatile.Woman.2004.DVDRip.XviD-LiiO.idx	揮発性女.Volatile.Woman.2004.DVDRip.XviD-LiiO.sub		0	0
/Volumes/导演们/熊切和嘉/海炭市叙景/Subs	0	Sketches.Of.Kaitan.City.2010.CD1.DVDRip.XviD-WRD.idx;Sketches.Of.Kaitan.City.2010.CD2.DVDRip.XviD-WRD.idx	Sketches.Of.Kaitan.City.2010.CD1.DVDRip.XviD-WRD.sub;Sketches.Of.Kaitan.City.2010.CD2.DVDRip.XviD-WRD.sub		0	0
/Volumes/导演们/熊切和嘉/空之穴	2	Hole.In.The.Sky.2001.CD1.DVDRip.XviD-LiiO.idx;Hole.In.The.Sky.2001.CD2.DVDRip.XviD-LiiO.idx	Hole.In.The.Sky.2001.CD1.DVDRip.XviD-LiiO.sub;Hole.In.The.Sky.2001.CD2.DVDRip.XviD-LiiO.sub		0	0
/Volumes/导演们/熊切和嘉/青春击球棒	1	Green.Mind.Metal.Bats.2006.DVDRip.XviD-WRD.idx	wrd-gmmb.sub		0	0
/Volumes/导演们/亚历山大·索科洛夫/卑微的人生	1	a humble life.idx	a humble life.sub		0	0
/Volumes/导演们/亚历山大·索科洛夫/对话索尔仁尼琴/Dialogues_With_Solzhenitsyn/Dialogues With Solzhenitsyn(对话索尔仁尼琴)	0	Dialogues.With.Solzhenitsyn.-.Uzel.(Sokurov.1998).Part.1.-.The.Knot.srt;Dialogues.With.Solzhenitsyn.-.Uzel.(Sokurov.1998).Part.2.-.The.Knot.-.srt;Dialogues.With.Solzhenitsyn.-.Uzel.(Sokurov.1998).Part.3.-.Conversations.srt;Dialogues.With.Solzhenitsyn.-.Uzel.-.Sokurov.1998.-.Part.4.-.The.Knot.srt			0	0
/Volumes/导演们/亚历山大·索科洛夫/对话索尔仁尼琴/Dialogues With Solzhenitsyn(对话索尔仁尼琴)	0	Dialogues With Solzhenitsyn - Uzel (Sokurov, 1998) Part 1 - The Knot.srt;Dialogues With Solzhenitsyn - Uzel (Sokurov, 1998) Part 2 - The Knot -.srt;Dialogues With Solzhenitsyn - Uzel (Sokurov, 1998) Part 3 - Conversations.srt;Dialogues With Solzhenitsyn - Uzel - Sokurov, 1998 - Part 4 - The Knot.srt			0	0
/Volumes/导演们/沟口建二/新平家物语	1	新平家物语.Shin.heike.monogatari.1955.DVDRip.XviD.Jap.chs.idx	新平家物语.Shin.heike.monogatari.1955.DVDRip.XviD.Jap.chs.sub		0	0
/Volumes/导演们/沟口建二/歌麿和他的五个女人	1	歌麿和他的五个女人.chs.idx;歌麿和他的五个女人.idx	歌麿和他的五个女人.chs.sub;歌麿和他的五个女人.sub		0	0
/Volumes/导演们/沟口建二/阿游小姐	1	阿游小姐.chs.idx	阿游小姐.chs.sub		0	0
/Volumes/导演们/卡尔·卡切纳/监听	1	wrd-theear.idx	wrd-theear.sub		0	0
/Volumes/导演们/卡尔·西奥多·德莱叶/房屋的主人/房屋的主人	0	VTS_02_0.idx	VTS_02_0.sub		0	0
/Volumes/导演们/卡尔·西奥多·德莱叶/木木	0	Die+Stille+vor+Bach.srt			0	0
/Volumes/导演们/卡尔·西奥多·德莱叶/麦克尔	1	麦克尔.Michael.(Chained).1924.Carl.Theodor.Dreyer.idx	麦克尔.Michael.(Chained).1924.Carl.Theodor.Dreyer.sub		0	0
/Volumes/导演们/卡尔·西奥多·德莱叶/短片/好妈妈	1	好妈妈.Good.Mothers.1942.DVDRip.idx	好妈妈.Good.Mothers.1942.DVDRip.sub		0	0
/Volumes/导演们/卡洛斯·绍拉/歌剧浪子	2	我.唐乔万尼Io.Don.Giovanni.2009.iTALiAN.AC3.DVDRip.XviD-GBM.CD1.chs.idx;我.唐乔万尼Io.Don.Giovanni.2009.iTALiAN.AC3.DVDRip.XviD-GBM.CD2.chs.idx	我.唐乔万尼Io.Don.Giovanni.2009.iTALiAN.AC3.DVDRip.XviD-GBM.CD1.chs.sub;我.唐乔万尼Io.Don.Giovanni.2009.iTALiAN.AC3.DVDRip.XviD-GBM.CD2.chs.sub		0	0
/Volumes/导演们/塞缪尔·富勒/刑警大队	0	刑警大队.Underworld.U.S.A.1961.eng.srt			0	1
/Volumes/导演们/三池崇史/以藏	2	Izo.2004.DVDRip.XviD-iMBT-CD1.idx;Izo.2004.DVDRip.XviD-iMBT-CD2.idx	Izo.2004.DVDRip.XviD-iMBT-CD1.sub;Izo.2004.DVDRip.XviD-iMBT-CD2.sub		0	0
/Volumes/导演们/三池崇史/搞鬼小筑	2	搞鬼小筑.Happiness.Of.The.Katakuris.2001.DVDivx-sky-CD1.srt;搞鬼小筑.Happiness.Of.The.Katakuris.2001.DVDivx-sky-CD2.srt			0	0
/Volumes/导演们/三池崇史/极道黑社会	1	[极道黑社会].Rainy.Dog.1997.DVDrip.XviD-H2O.idx	[极道黑社会].Rainy.Dog.1997.DVDrip.XviD-H2O.sub		0	0
/Volumes/导演们/三池崇史/生存还是毁灭	1	生存还是毁灭.Dead.or.Alive.1.Hanzaisha.1999.DVDRip.XviD-NM.idx	生存还是毁灭.Dead.or.Alive.1.Hanzaisha.1999.DVDRip.XviD-NM.sub		0	0
/Volumes/导演们/安东尼奥尼/失败者	2	I.Vinti.cd1.srt;I.Vinti.cd2.srt;失败者CD1.idx;失败者CD2.idx	失败者CD1.sub;失败者CD2.sub		0	0
/Volumes/导演们/安东尼奥尼/扎布里斯基角	1	[扎布里斯基角].Zabriskie.Point.1970.dvdrip.idx	[扎布里斯基角].Zabriskie.Point.1970.dvdrip.sub		0	0
/Volumes/导演们/冈本喜八/肉弹	2	Nikudan.The.Human.Bullet.Kihachi.Okamoto.1968.SMoR.CD1.srt;Nikudan.The.Human.Bullet.Kihachi.Okamoto.1968.SMoR.CD2.srt			0	0
/Volumes/导演们/木下惠介/卡门归乡	2	卡门归乡.Carmen.Comes.Home.1951.DVDRip.XviD-AsiSter.cd1.srt;卡门归乡.Carmen.Comes.Home.1951.DVDRip.XviD-AsiSter.cd2.srt			0	0
/Volumes/导演们/努里·比格·锡兰/五月碧云天	2	五月碧云天.Nuri.Bilge.Ceylan-Mayis.sikintisi.('Clouds.of.May').1999.chs.srt;五月碧云天.Nuri.Bilge.Ceylan-Mayis.sikintisi.('Clouds.of.May').1999.cht.srt;五月碧云天.Nuri.Bilge.Ceylan-Mayis.sikintisi.('Clouds.of.May').1999.eng.srt			0	0
/Volumes/导演们/普雷斯顿·斯塔奇斯/淑女伊芙	1	The.Lady.Eve.1941.DVDRip.Divx.5.11.MP3-Wolfman.idx	The.Lady.Eve.1941.DVDRip.Divx.5.11.MP3-Wolfman.sub		0	0
/Volumes/导演们/亚历桑德罗·佐杜洛夫斯基/鼹鼠	1	El Topo.CN1.srt;El Topo.EN1.srt;El Topo.EN2.srt;El Topo.ESP1.srt;El Topo.ESP2.srt;El Topo.FR1.srt;El Topo.FR2.srt;El Topo.POR1.srt;El Topo.POR2.srt			1	0
/Volumes/导演们/原一男/前进，神军！	1	祭軍魂.idx	祭軍魂.sub		0	0
/Volumes/导演们/奥塔·埃索里亚尼/威尼斯早晨	1	星期一早晨2002.idx	VTS_01_0.sub		0	0
/Volumes/导演们/奥塔·埃索里亚尼/我不想回家	1	我不想回家.Otar.Iosseliani.-.Adieu.Plancher.des.Vaches.(In.vino.vertas).1999.arbitr.idx	我不想回家.Otar.Iosseliani.-.Adieu.Plancher.des.Vaches.(In.vino.vertas).1999.arbitr.sub		0	0
/Volumes/导演们/奥塔·埃索里亚尼/托斯卡的小修道院	1	托斯卡的小修道院.idx	托斯卡的小修道院.sub		0	0
/Volumes/导演们/奥塔·埃索里亚尼/月神的宠儿	1	月神的宠儿1984.idx	VTS_01_0.sub		0	0
/Volumes/导演们/奥塔·埃索里亚尼/田园牧歌	1	田园牧歌.Otar.Iosseliani-Pastorali.1975.eng.srt;田园牧歌.Otar.Iosseliani-Pastorali.1975.srt;田园牧歌1975.idx	VTS_01_0.sub		0	0
/Volumes/导演们/奥塔·埃索里亚尼/秋天的花园	1	Jardins.en.automne.idx	Jardins.en.automne.sub		0	0
/Volumes/导演们/奥塔·埃索里亚尼/落叶	1	落叶.Otar.Iosseliani-Giorgobistve.(.Falling.Leaves.).1966.idx	落叶.Otar.Iosseliani-Giorgobistve.(.Falling.Leaves.).1966.sub		0	0
/Volumes/导演们/奥塔·埃索里亚尼/追逐蝴蝶	1	1992.追逐蝴蝶.Otar.Iosseliani.-.1992.-.La.Chasse.aux.papillons.idx	1992.追逐蝴蝶.Otar.Iosseliani.-.1992.-.La.Chasse.aux.papillons.sub		0	0
/Volumes/导演们/彼得·格林纳威/挨个儿淹死	1	淹死老公.chs.idx	淹死老公.chs.sub		0	0
/Volumes/导演们/彼得·格林纳威/画师的合同	1	画师的合同.The_Draughtsman_s_Contract_[Eng]_[DVDRip].idx	画师的合同.The_Draughtsman_s_Contract_[Eng]_[DVDRip].sub		0	0
/Volumes/导演们/布莱恩·德·帕尔玛/危情羔羊	1	危情羔羊.Raising.Cain.1992.DVDRiP.XviD-Grand.chs.srt			0	0
/Volumes/导演们/布莱恩·德·帕尔玛/愤怒	1	魔血.The.Fury.1978.DVDRip.XviD-Smokey888.tehPARADOX.com.chs.srt			0	0
/Volumes/导演们/布莱恩·德·帕尔玛/蛇眼	2	蛇眼.Snake.Eyes.1998.SPECiAL.COLLECTORS.EDiTiON.iNTERNAL.DVDRiP.X264-KiSS-cd1.srt;蛇眼.Snake.Eyes.1998.SPECiAL.COLLECTORS.EDiTiON.iNTERNAL.DVDRiP.X264-KiSS-cd2.srt			0	0
/Volumes/导演们/布莱恩·德·帕尔玛/蛇蝎美人	2	蛇蝎美人.Femme.Fatale.2002.DVDrip.XviD.AC3.5.1CH.CD1-WAF.chs.srt;蛇蝎美人.Femme.Fatale.2002.DVDrip.XviD.AC3.5.1CH.CD1-WAF.eng.srt;蛇蝎美人.Femme.Fatale.2002.DVDrip.XviD.AC3.5.1CH.CD2-WAF.chs.srt;蛇蝎美人.Femme.Fatale.2002.DVDrip.XviD.AC3.5.1CH.CD2-WAF.eng.srt			0	0
/Volumes/导演们/布莱恩·德·帕尔玛/黑街福星	1	黑街福星.Wise.Guys.1986.DVDRip.XviD-SAPHiRE.chs.idx	黑街福星.Wise.Guys.1986.DVDRip.XviD-SAPHiRE.chs.sub		0	0
/Volumes/导演们/成濑巳喜男/不是血親	1	No.Blood.Relation.1932.DVDRip.XviD-WRD.idx	No.Blood.Relation.1932.DVDRip.XviD-WRD.sub		0	0
/Volumes/导演们/成濑巳喜男/夜夜作梦	1	Every.Night.Dreams.1933.DVDRip.XviD-WRD.idx	Every.Night.Dreams.1933.DVDRip.XviD-WRD.sub		0	0
/Volumes/导演们/成濑巳喜男/小人物，加油吧	1	Flunky.Work.Hard.1931.DVDRip.XviD-WRD.idx	Flunky.Work.Hard.1931.DVDRip.XviD-WRD.sub		0	0
/Volumes/导演们/成濑巳喜男/幸福生活	1	幸福生活.Tanoshiki.kana.jinsei.This.Happy.Life.1944.Mikio.Naruse.srt;幸福生活Tanoshiki.kana.jinsei.This.Happy.Life.1944.Mikio.Naruse.srt			0	0
/Volumes/导演们/成濑巳喜男/没有尽头的街	1	Street.Without.End.1934.DVDRip.XviD-WRD.idx	Street.Without.End.1934.DVDRip.XviD-WRD.sub		0	0
/Volumes/导演们/大卫·柯南伯格/灵婴	1	灵婴.The.Brood.1979.idx	灵婴.The.Brood.1979.sub		0	0
/Volumes/导演们/杜拉斯/塞扎里	1	Marguerite Duras - -  Cesarée1978 - Fr.srt			0	0
/Volumes/导演们/威廉·惠勒/孔雀夫人	1	孔雀夫人.Dodsworth.1936.DVDRip.X264.AAC-jeffWen.eng.idx	孔雀夫人.Dodsworth.1936.DVDRip.X264.AAC-jeffWen.eng.sub		0	0
/Volumes/导演们/威廉·惠勒/香笺泪	1	香笺泪.The.Letter.1940.DVDRip.XviD.MP3-VH-PROD.idx	香笺泪.The.Letter.1940.DVDRip.XviD.MP3-VH-PROD.sub		0	0
/Volumes/导演们/莫里斯·皮亚拉/伊斯坦布尔	1	Istanbul - 1964 - Maurice Pialat - MoC 74 - tt0422504.idx	Istanbul - 1964 - Maurice Pialat - MoC 74 - tt0422504.sub		0	0
/Volumes/导演们/莫里斯·皮亚拉/佩何里凡	1	Pehlivan - 1964 - Maurice Pialat - MoC 74 - tt0325964.idx	Pehlivan - 1964 - Maurice Pialat - MoC 74 - tt0325964.sub		0	0
/Volumes/导演们/莫里斯·皮亚拉/博斯普鲁斯	1	Bosphore (Bosporus) - 1964 - Maurice Pialat - MoC 74 - tt1866932.idx	Bosphore (Bosporus) - 1964 - Maurice Pialat - MoC 74 - tt1866932.sub		0	0
/Volumes/导演们/莫里斯·皮亚拉/可笑的表情	1	Drôles de bobines (Funny Reels) - 1957 - Maurice Pialat - MoC 74 - tt1866954.idx	Drôles de bobines (Funny Reels) - 1957 - Maurice Pialat - MoC 74 - tt1866954.sub		0	0
/Volumes/导演们/莫里斯·皮亚拉/吉妮	1	Janine - 1961 - Maurice Pialat - MoC 74 - tt0209056.idx	Janine - 1961 - Maurice Pialat - MoC 74 - tt0209056.sub		0	0
/Volumes/导演们/莫里斯·皮亚拉/家庭阴影	1	L'Ombre familière (The Familiar Shadow) - 1958 - Maurice Pialat - MoC 74 - tt1866992.idx	L'Ombre familière (The Familiar Shadow) - 1958 - Maurice Pialat - MoC 74 - tt1866992.sub		0	0
/Volumes/导演们/莫里斯·皮亚拉/张口结舌	1	La Gueule ouverte - 1974 - Maurice Pialat - MoC 74 - tt0071587.idx	La Gueule ouverte - 1974 - Maurice Pialat - MoC 74 - tt0071587.sub		0	1
/Volumes/导演们/莫里斯·皮亚拉/拜占庭	1	Byzance (Byzantium) - 1964 - Maurice Pialat - MoC 74 - tt0325139.idx	Byzance (Byzantium) - 1964 - Maurice Pialat - MoC 74 - tt0325139.sub		0	0
/Volumes/导演们/莫里斯·皮亚拉/森林的小屋	7	森林里的小屋001.idx;森林里的小屋002.idx;森林里的小屋003.idx;森林里的小屋004.idx;森林里的小屋005.idx;森林里的小屋006.idx;森林里的小屋007.idx	森林里的小屋001.sub;森林里的小屋002.sub;森林里的小屋003.sub;森林里的小屋004.sub;森林里的小屋005.sub;森林里的小屋006.sub;森林里的小屋007.sub		0	0
/Volumes/导演们/莫里斯·皮亚拉/毕业生	1	Passe ton bac d'abord - 1979 - Maurice Pialat - MoC 75 - tt0079701.idx	Passe ton bac d'abord - 1979 - Maurice Pialat - MoC 75 - tt0079701.sub		0	1
/Volumes/导演们/莫里斯·皮亚拉/盖洛普大师	1	Maître Galip (Master Galip) - 1964 - Maurice Pialat - MoC 74 - tt0209140.idx	Maître Galip (Master Galip) - 1964 - Maurice Pialat - MoC 74 - tt0209140.sub		0	0
/Volumes/导演们/莫里斯·皮亚拉/警察	1	Police - 1985 - Maurice Pialat - MoC 77 - tt0089821.idx	Police - 1985 - Maurice Pialat - MoC 77 - tt0089821.sub		0	1
/Volumes/导演们/莫里斯·皮亚拉/金号角	1	La Corne d’or (The Golden Horn) - 1964 - Maurice Pialat -MoC 74 - tt0810373.idx	La Corne d’or (The Golden Horn) - 1964 - Maurice Pialat -MoC 74 - tt0810373.sub		0	0
/Volumes/导演们/莫里斯·皮亚拉/Isabelle aux Dombes	1	Isabelle aux Dombes - 1951 - Maurice Pialat - MoC 78 - tt1861353.idx	Isabelle aux Dombes - 1951 - Maurice Pialat - MoC 78 - tt1861353.sub		0	0
/Volumes/导演们/莫里斯·皮亚拉/卡马格	1	La Camargue - 1966 - Maurice Pialat - MoC 73.idx	La Camargue - 1966 - Maurice Pialat - MoC 73.sub		0	0
/Volumes/导演们/莫里斯·皮亚拉/教区圣体大会	1	Congrès eucharistique diocésain - 1953 - Maurice Pialat - MoC 78 - tt1861302.idx	Congrès eucharistique diocésain - 1953 - Maurice Pialat - MoC 78 - tt1861302.sub		0	0
/Volumes/导演们/雷内·克莱尔/百万法郎	0	VTS_01_0.idx	VTS_01_0.sub		0	0
/Volumes/导演们/阿方索·卡隆/远大前程 Great Expectations (1998)	2	Great.Expectations.1998.HDRip.X264-TLF-CD1.chs.srt;Great.Expectations.1998.HDRip.X264-TLF-CD2.Chs.srt			0	0
/Volumes/导演们/比尔·普莱姆顿 & 罗伯特·克鲁伯/变种外星人	2	Mutant.Aliens.2001.LiMiTED.DVDRiP.XViD_DouBAN812.chs.srt;Mutant.Aliens.2001.LiMiTED.DVDRiP.XViD_DouBAN812.eng.srt			0	0
/Volumes/导演们/大岛渚/日本之夜与雾	1	日本之夜与雾.chs.idx	日本之夜与雾.chs.sub		0	0
/Volumes/导演们/亨利·乔治·克鲁佐/乌鸦	1	Le+Corbeau_Henri-Georges+Clouzot_1943.idx	Le+Corbeau_Henri-Georges+Clouzot_1943.sub		0	0
/Volumes/导演们/亨利·乔治·克鲁佐/女囚犯	1	女囚犯.La.Prisonniere.1968.ru1-fr.idx	女囚犯.La.Prisonniere.1968.ru1-fr.sub		0	0
/Volumes/导演们/亨利·乔治·克鲁佐/犯罪河岸	1	犯罪河岸.Quai.des.Orfevres.1947.idx	犯罪河岸.Quai.des.Orfevres.1947.sub		0	0
/Volumes/导演们/市川昆/1964年东京奥林匹克运动会	2	1964年东京奥林匹克运动会.aka.Tokyo.Olympiad.1965.CRiTERiON.DVDRip.XviD.CD1-iMBT.chs.2.srt;1964年东京奥林匹克运动会.aka.Tokyo.Olympiad.1965.CRiTERiON.DVDRip.XviD.CD1-iMBT.chs.srt;1964年东京奥林匹克运动会.aka.Tokyo.Olympiad.1965.CRiTERiON.DVDRip.XviD.CD2-iMBT.chs.2.srt;1964年东京奥林匹克运动会.aka.Tokyo.Olympiad.1965.CRiTERiON.DVDRip.XviD.CD2-iMBT.chs.srt			0	0
/Volumes/导演们/寺山修司/抛掉书本上街去	2	Throw.Away.Your.Books.Rally.in.the.Streets.(1971).Shuji.Terayama.CD1.idx;Throw.Away.Your.Books.Rally.in.the.Streets.(1971).Shuji.Terayama.CD2.idx	Throw.Away.Your.Books.Rally.in.the.Streets.(1971).Shuji.Terayama.CD1.sub;Throw.Away.Your.Books.Rally.in.the.Streets.(1971).Shuji.Terayama.CD2.sub		0	0
/Volumes/导演们/伊利亚·卡赞/围歼街头	1	围歼街头.Elia.Kazan.Panic.In.The.Streets.1950.chs.idx	围歼街头.Elia.Kazan.Panic.In.The.Streets.1950.chs.sub		0	0
/Volumes/导演们/比利·怀尔德/七年之痒	1	七年之痒.The.Seven.Year.Itch.1955.DVDRip.XviD-HigHoT.idx	七年之痒.The.Seven.Year.Itch.1955.DVDRip.XviD-HigHoT.sub		0	0
/Volumes/导演们/比利·怀尔德/大人与小孩	1	大人与小孩.The.Major.and.the.Minor.1942.DVDRip.XviD.iMMORTALs.idx	大人与小孩.The.Major.and.the.Minor.1942.DVDRip.XviD.iMMORTALs.sub		0	0
/Volumes/导演们/比利·怀尔德/满城风雨	2	The.Front.Page.1974.DVDRip.XviD-SAPHiRE.idx	The.Front.Page.1974.DVDRip.XviD-SAPHiRE.sub		0	0
/Volumes/导演们/比利·怀尔德/爱玛姑娘	1	Irma la Douce (1963) 01.2.idx;Irma la Douce (1963) 02.2.idx;爱玛姑娘.Irma.La.Douce.1963.DVDRip.XviD-BW.2.idx;爱玛姑娘.Irma.La.Douce.1963.DVDRip.XviD-BW.idx	Irma la Douce (1963) 01.2.sub;Irma la Douce (1963) 02.2.sub;爱玛姑娘.Irma.La.Douce.1963.DVDRip.XviD-BW.2.sub;爱玛姑娘.Irma.La.Douce.1963.DVDRip.XviD-BW.sub		0	0
/Volumes/导演们/比利·怀尔德/璇宫艳舞	1	璇宫艳舞.The.Emperor.Waltz.1948.DVDRip.XviD-BW.idx	璇宫艳舞.The.Emperor.Waltz.1948.DVDRip.XviD-BW.sub		0	0
/Volumes/导演们/若松孝二/墙中秘事	1	Affairs Within Walls.1965.idx	Affairs Within Walls.1965.sub		0	0
/Volumes/导演们/西德尼·吕美特/山丘	1	山丘.The.Hill.1965.DVDRip.x264.chs.idx	山丘.The.Hill.1965.DVDRip.x264.chs.sub		0	0
/Volumes/导演们/香特尔·阿克曼/安娜的旅程	1	annas.meetings.1978.dvdrip.xvid.fragment.idx	VTS_02_0.sub		0	0
/Volumes/导演们/谢尔盖·爱森斯坦/伊凡雷帝	1	[伊凡雷帝1].Ivan.the.Terrible,Part.One.1944.DVDrip.XviD.AC3.iNT-alaundo.idx	[伊凡雷帝1].Ivan.the.Terrible,Part.One.1944.DVDrip.XviD.AC3.iNT-alaundo.sub		0	0
/Volumes/导演们/谢尔盖·爱森斯坦/十月	1	十月.October.-Ten.Days.That.Shook.The.World.idx	十月.October.-Ten.Days.That.Shook.The.World.sub		0	0
/Volumes/导演们/谢尔盖·爱森斯坦/墨西哥万岁	1	墨西哥万岁.Que.viva.Mexico.chs.idx	墨西哥万岁.Que.viva.Mexico.chs.sub		0	0
/Volumes/导演们/杨·史云梅耶/唐璜	1	fico-donjuan.idx	fico-donjuan.sub		0	0
/Volumes/导演们/杨·史云梅耶/最后的把戏	1	fico-lastrick.idx	fico-lastrick.sub		0	0
/Volumes/导演们/杨·史云梅耶/纳骨堂	1	fico-ossuary.idx	fico-ossuary.sub		0	0
/Volumes/导演们/耶尔齐·霍夫曼/伏洛窦耶夫斯基先生	2	伏洛窦耶夫斯基先生 CD1.idx;伏洛窦耶夫斯基先生 CD2.idx	伏洛窦耶夫斯基先生 CD1.sub;伏洛窦耶夫斯基先生 CD2.sub		0	0
/Volumes/导演们/耶尔齐·霍夫曼/洪流	4	洪流(波)1974A.idx;洪流(波)1974B.idx;洪流(波)1974C.idx;洪流(波)1974D.idx	洪流(波)1974A.sub;洪流(波)1974B.sub;洪流(波)1974C.sub;洪流(波)1974D.sub		0	0
/Volumes/导演们/耶尔齐·霍夫曼/火与剑	1	火与剑.eng.srt;火与剑.srt	火与剑.chs.2.sub;火与剑.chs.sub;火与剑.eng.2.sub;火与剑.eng.sub		0	0
/Volumes/导演们/耶尔齐·卡瓦莱罗维奇/【百度贴吧经典电影吧整理收集】修女乔安娜 Matka Joanna od aniolów (1961)	1	mother.joan.of.the.angels.1961.dvdrip.xvid-imbt.idx	mother.joan.of.the.angels.1961.dvdrip.xvid-imbt.sub		0	0
/Volumes/导演们/耶尔齐·卡瓦莱罗维奇/【百度贴吧经典电影吧整理收集】旅店 Austeria (1982)	1	百度贴吧经典电影吧整理收集.旅店.1982.A.HDRip-AVC.chs.idx	百度贴吧经典电影吧整理收集.旅店.1982.A.HDRip-AVC.chs.sub		0	0
/Volumes/导演们/约瑟夫·罗西/伽利略	2	Galileo.(Joseph.Losey.1975).DVDRip.Xvid.Ac3.Dual.En-Spa.CD1.srt;Galileo.(Joseph.Losey.1975).DVDRip.Xvid.Ac3.Dual.En-Spa.CD2.srt			0	0
/Volumes/导演们/约瑟夫·罗西/唐祖凡尼	2	Don.Giovanni.1979.iTALiAN.BDRip.XviD-TRL.CD1.eng.srt;Don.Giovanni.1979.iTALiAN.BDRip.XviD-TRL.CD2.eng.srt			0	0
/Volumes/导演们/约瑟夫·罗西/车祸	1	车祸.Accident.1967.Dvdrip.Xvid-Finale.chs.idx	车祸.Accident.1967.Dvdrip.Xvid-Finale.chs.sub		0	0
/Volumes/导演们/约瑟夫·罗西/鳟鱼 La Truite (1982)/subs	0	The.Trout.1982.DVDRip.XviD-iMBT.EN.srt;The.Trout.1982.DVDRip.XviD-iMBT.ES.srt;the.trout.1982.dvdrip.xvid-imbt.idx	the.trout.1982.dvdrip.xvid-imbt.sub		0	0
/Volumes/导演们/拉杜·裘德/喝彩	1	Aferim!.2015.BDRip.X264.iNT-TLF.chs.srt;Aferim!.2015.BDRip.X264.iNT-TLF.eng.srt			0	1
/Volumes/导演们/阿伦·雷乃/吸烟不吸烟	2	不抽烟(法)1993.idx;抽烟(法)1993.idx	不抽烟(法)1993.sub;抽烟(法)1993.sub		0	0
/Volumes/导演们/英格玛·伯格曼/面对面	2	面面相觑Ansikte.mot.Ansikte.(Face.to.Face.1976).chs.srt			0	0
/Volumes/导演们/洪常秀/海边的女人	3	Woman.on.the.Beach.2006.BDRip.X264.iNT-TLF.chs.srt;Woman.on.the.Beach.2006.BDRip.X264.iNT-TLF.eng.srt			0	0
/Volumes/导演们/沃纳·赫尔佐格/一只土拨鼠能啃掉多少	1	Herzog.-.Woodchuck.idx	Herzog.-.Woodchuck.sub		0	0
/Volumes/导演们/沃纳·赫尔佐格/东非的飞行医生们	1	Die.fliegenden.Arzte.von.Ostafrika.aka.The.Flying.Doctors.of.East.Africa.idx	Die.fliegenden.Arzte.von.Ostafrika.aka.The.Flying.Doctors.of.East.Africa.sub		0	0
/Volumes/导演们/沃纳·赫尔佐格/史楚锡流浪记	2	史楚锡流浪记.Stroszek.1977.DVDrip.XviD.AC3.iNT-Alaundo-cd1.chs.srt;史楚锡流浪记.Stroszek.1977.DVDrip.XviD.AC3.iNT-Alaundo-cd2.chn.srt;史楚锡流浪记.Stroszek.1977.DVDrip.XviD.AC3.iNT-Alaundo-cd2.chn1.srt;史楚锡流浪记.Stroszek.1977.DVDrip.XviD.AC3.iNT-Alaundo-cd2.chs.srt			0	0
/Volumes/导演们/沃纳·赫尔佐格/太阳牧者	1	太阳牧者1989.idx	太阳牧者1989.sub		0	0
/Volumes/导演们/沃纳·赫尔佐格/小小迪特想要飞	1	小小迪特想要飞1997.idx	小小迪特想要飞.sub		0	0
/Volumes/导演们/沃纳·赫尔佐格/希望的翅膀	1	希望之翼2000.idx	希望之翼2000.sub		0	0
/Volumes/导演们/沃纳·赫尔佐格/来自昏暗国度的回声	1	Echos.aus.einem.düsteren.Reich.idx	Echos.aus.einem.düsteren.Reich.sub		0	0
/Volumes/导演们/沃纳·赫尔佐格/石头的呐喊	1	石头的呐喊(德)1991.idx	VTS_01_0.sub		0	0
/Volumes/导演们/沃纳·赫尔佐格/绿蚂蚁做梦的地方	1	wrd-wtgad.idx	wrd-wtgad.sub		0	0
/Volumes/导演们/沃纳·赫尔佐格/蓝星人怀乡曲	1	浩淼的蓝色远方(德)2005.idx	VTS_02_0.sub		0	0
/Volumes/导演们/沃纳·赫尔佐格/赫尔佐格短片集/五种死亡的声音	1	DeathForFiveVoices.idx	DeathForFiveVoices.sub		0	0
/Volumes/导演们/沃纳·赫尔佐格/赫尔佐格短片集/留心对抗梦幻	1	Massnahmen.gegen.Fanatiker.aka.Measures.Against.Fanatics.idx	Massnahmen.gegen.Fanatiker.aka.Measures.Against.Fanatics.sub		0	0
/Volumes/导演们/沃纳·赫尔佐格/赫尔佐格短片集/赫尔佐格吃他的鞋	1	shoe.idx	shoe.sub		0	0
/Volumes/导演们/克日什托夫·基耶斯洛夫斯基/短片/愿望音乐会	1	愿望音乐会.Concert.of.Wishes.1967.chs.srt;愿望音乐会.Concert.of.Wishes.1967.srt			0	0
/Volumes/导演们/伊日·门泽尔/甜蜜家园	2	甜蜜家园1.idx;甜蜜家园2.idx	甜蜜家园1.sub;甜蜜家园2.sub		0	0
/Volumes/导演们/伊日·门泽尔/金黄色的回忆	1	金黄色的回忆.Postriziny.1981.chs.idx	金黄色的回忆.Postriziny.1981.chs.sub		0	0
/Volumes/导演们/卢基诺·维斯康蒂/北斗七星	1	Vaghe.Stelle.Dell.Orsa.1965.DVDRip.XviD-BLooDWeiSeR.idx	Vaghe.Stelle.Dell.Orsa.1965.DVDRip.XviD-BLooDWeiSeR.sub		0	0
/Volumes/导演们/卢基诺·维斯康蒂/小美人	1	小美人(意)1951.idx	VTS_02_0.sub		0	0
/Volumes/导演们/卢基诺·维斯康蒂/沉沦	1	沉沦.Ossessione.1943.DVDRip.XviD.chs.2.idx;沉沦.Ossessione.1943.DVDRip.XviD.chs.idx	沉沦.Ossessione.1943.DVDRip.XviD.chs.sub		0	0
/Volumes/导演们/卢基诺·维斯康蒂/纳粹狂魔	1	纳粹狂魔.La.Caduta.Degli.Dei.1969.DVDRip.DivX.chs.2.srt;纳粹狂魔.La.Caduta.Degli.Dei.1969.DVDRip.DivX.chs.srt			0	0
/Volumes/导演们/埃米尔·库斯图里察/地下（电视版）/英文	0	Bila jednom jedna zemlja (1995) Ep.1.srt;Bila jednom jedna zemlja (1995) Ep.2.srt;Bila jednom jedna zemlja (1995) Ep.3.srt;Ep4.srt;Ep5.srt;Ep6.srt			0	0
/Volumes/导演们/埃米尔·库斯图里察/地下（电视版）/中文	0	Ep1.srt;Ep2.srt;Ep3.srt;Ep4.srt;Ep5.srt;Ep6.srt			0	0
/Volumes/导演们/莱奥·卡拉克斯/坏血	2	坏血.Bad.Blood.1986.INTERNAL.DVDRip.XviD-RiZZ.CN-cd1.idx;坏血.Bad.Blood.1986.INTERNAL.DVDRip.XviD-RiZZ.CN-cd2.idx	坏血.Bad.Blood.1986.INTERNAL.DVDRip.XviD-RiZZ.CN-cd1.sub;坏血.Bad.Blood.1986.INTERNAL.DVDRip.XviD-RiZZ.CN-cd2.sub		0	0
/Volumes/导演们/肯·洛奇/对话杰里米·科尔宾	1	对话杰里米·科尔宾.In.Conversation.With.Jeremy.Corbyn.2016.WEB-DL.1080p.H264.AAC-dingfengbo.srt			0	0
/Volumes/导演们/肯·洛奇/煤的价格	3	煤的价格.srt			0	0
/Volumes/导演们/曼努埃尔·德·奥利维拉/追忆童年往事	1	porto.of.my.childhood.2001.dvdrip.xvid-espise.idx	porto.of.my.childhood.2001.dvdrip.xvid-espise.sub		0	0
/Volumes/导演们/泽维尔·多兰/汤姆的农场旅行	1	汤姆的农场旅行.Tom.at.the.Farm.2013.Blu.Ray.720p.CINEMANIA.srt			0	0
/Volumes/分类/华语世界/中国大陆/20世纪老电影/90/本命年	1	[本命年].Black.Snow.1990.DVDRip.X264-KEN.idx	[本命年].Black.Snow.1990.DVDRip.X264-KEN.sub		0	0
/Volumes/分类/华语世界/台湾/杨德昌/恐怖分子	3	[恐怖分子].Terroriser.1986.DVDRip.X264-KEN.idx	[恐怖分子].Terroriser.1986.DVDRip.X264-KEN.sub		0	0
/Volumes/分类/华语世界/台湾/张作骥/爸.你好吗	2	[爸.你好吗].How.Are.You.Dad.2009.DVDRip.XviD-GAYGAY.cd1.srt;[爸.你好吗].How.Are.You.Dad.2009.DVDRip.XviD-GAYGAY.cd2.srt			0	0
/Volumes/分类/华语世界/台湾/张作骥/黑暗之光	1	[黑暗之光].Darkness.and.Light-nmv.idx	[黑暗之光].Darkness.and.Light-nmv.sub		0	0
/Volumes/分类/华语世界/禁/The.Passion.Of.The.Mao.2006.DVDRip.XviD-CoWRY	1	cowry-tpotm.idx	cowry-tpotm.sub		0	0
/Volumes/分类/华语世界/禁/地震	3	[NHK][纪录片]四川大地震 ～被封印的瞬间～.srt;[NHK][纪录片]四川大地震灾区现状系列(1)重建家园路漫漫.srt;[NHK][纪录片]四川大地震灾区现状系列(3)观光村风波.srt;[NHK][纪录片]李老师和30个孩子们.srt;[NHK][纪录片]颤慄的童心：陈美龄 四川大地震报告.srt;[NHK]中国·四川大地震.srt			0	11
/Volumes/分类/传记·一段历史/堕落街	2	Christiane.F.Wir.Kinder.vom.Bahnhof.Zoo.1981.DVDRip.AC3.XviD.CD1-cRuShoR.Chinese.srt;Christiane.F.Wir.Kinder.vom.Bahnhof.Zoo.1981.DVDRip.AC3.XviD.CD1-cRuShoR.English.srt;Christiane.F.Wir.Kinder.vom.Bahnhof.Zoo.1981.DVDRip.AC3.XviD.CD2-cRuShoR.Chinese.srt;Christiane.F.Wir.Kinder.vom.Bahnhof.Zoo.1981.DVDRip.AC3.XviD.CD2-cRuShoR.English.srt			0	0
/Volumes/分类/传记·一段历史/春之颂	1	Fruhlingssinfonie--Spring-Symphony--1983--tt0085568--640x480--Google-es.srt;Fruhlingssinfonie--Spring-Symphony--1983--tt0085568--640x480--Google-fr.srt;Fruhlingssinfonie--Spring-Symphony--1983--tt0085568--640x480--Google-it.srt;Fruhlingssinfonie--Spring-Symphony--1983--tt0085568--640x480--Google-pt.srt;Fruhlingssinfonie--Spring-Symphony--1983--tt0085568--640x480.srt			0	0
/Volumes/分类/传记·一段历史/海伦凯勒	2	[海伦凯勒].The.Miracle.Worker.1962..XviD....srt;[海伦凯勒].The.Miracle.Worker.1962.XviD.....srt			0	0
/Volumes/分类/传记·一段历史/科特·科本：关于一个孩子/sub	0	VTS_01_0.idx	VTS_01_0.sub		0	0
/Volumes/分类/传记·一段历史/阿尔卡特兹的养鸟人/阿尔卡特兹的养鸟人Birdman.Of.Alcatraz	0	阿尔卡特兹的养鸟人Birdman.Of.Alcatraz.1962.DVDRip.DivX.Cd1.简体.srt;阿尔卡特兹的养鸟人Birdman.Of.Alcatraz.1962.DVDRip.DivX.Cd2.简体.srt			0	0
/Volumes/分类/动画片/动画大师/【翻译】《动画大师》(Masters of Animation)	0	动画大师 [3-3] - 波兰篇.Chs.ass;动画大师 [3-3] - 波兰篇.Eng.ass;动画大师_[1-1]_-_加拿大_-_加拿大电影局篇.Chs.srt;动画大师_[1-1]_-_加拿大_-_加拿大电影局篇.Eng.srt;动画大师_[1-2]_-_加拿大_-_独立动画篇.Chs.ass;动画大师_[1-2]_-_加拿大_-_独立动画篇.Eng.ass;动画大师_[1-3]_-_美国篇.Chs.ass;动画大师_[1-3]_-_美国篇.Eng.ass;动画大师_[2-1]_-_英国篇.Chs.ass;动画大师_[2-1]_-_英国篇.Eng.ass;动画大师_[2-2]_-_意大利篇.Chs.ass;动画大师_[2-2]_-_意大利篇.Eng.ass;动画大师_[3-1]_-_前苏联篇.Chs.ass;动画大师_[3-1]_-_前苏联篇.Eng.ass;动画大师_[3-2]_-_前南斯拉夫篇.Chs.ass;动画大师_[3-2]_-_前南斯拉夫篇.Eng.ass;动画大师_[3-4]_-_匈牙利篇.Chs.ass;动画大师_[3-4]_-_匈牙利篇.Eng.ass;动画大师_[4-1]_-_日本篇.Chs.srt;动画大师_[4-1]_-_日本篇.Eng.ass			0	0
/Volumes/分类/动画片/卢茨·丹姆贝克作品集(1975-1986)	10	[1979] 乌尔姆的裁缝der schneider von ulm aka the tailor of ulm.chs.srt;[1979] 乌尔姆的裁缝der schneider von ulm aka the tailor of ulm.eng.srt;[1981]einmart.chs.srt;[1981]einmart.eng.srt;[1981]拉萨拉的风暴hommage_à__la_sarraz_.chs.srt;[1981]拉萨拉的风暴hommage_à__la_sarraz_.eng.srt;[1983_-_1990]赫尔克里士之洞herakles_höhle_aka_the_cave_of_hercules.eng.srt;[1984 - 1993] 恩斯特公爵herzog ernst aka duke ernest.chs.srt;[1984 - 1993] 恩斯特公爵herzog ernst aka duke ernest.eng.srt			1	0
/Volumes/分类/动画片/大妹子们的动画时间/[SGS][Otona_Jyoshi_no_Anime_Time_Kawamo_wo_Suberu_Kaze][720p][Subs_Fonts]	0	[SGS][Otona_Jyoshi_no_Anime_Time_Kawamo_wo_Suberu_Kaze][720p][H.264_AAC][4165C650].jp.ass;[SGS][Otona_Jyoshi_no_Anime_Time_Kawamo_wo_Suberu_Kaze][720p][H.264_AAC][4165C650].jpsc.ass;[SGS][Otona_Jyoshi_no_Anime_Time_Kawamo_wo_Suberu_Kaze][720p][H.264_AAC][4165C650].sc.ass			0	1
/Volumes/分类/动画片/胡萝卜之夜	0	Priit Parn (1998) - Porgandite Oo.srt;Priit Parn (1998) - Porgandite Oo_eng_new.srt			0	1
/Volumes/分类/动画片/艾迪与我	1	Technotise.Edit.And.I.2009.DVDRip.XviD-REACTOR.idx	Technotise.Edit.And.I.2009.DVDRip.XviD-REACTOR.sub		0	0
/Volumes/分类/动画片/贪吃树	2	[贪吃树].Little.Otik.2000.DVDRip.LYMDG-CD1.idx;[贪吃树].Little.Otik.2000.DVDRip.LYMDG-CD2.idx	lo-lymdg-cd1.sub;lo-lymdg-cd2.sub		0	0
/Volumes/分类/动画片/阿祖尔和阿斯马尔	1	[阿祖尔和阿斯马尔].Azur.et.Asmar.2006.BluRay.480p.x264.AC3-CHD.idx	[阿祖尔和阿斯马尔].Azur.et.Asmar.2006.BluRay.480p.x264.AC3-CHD.sub		0	0
/Volumes/分类/公路/寻找1967年女神	1	The+Goddess+of+1967.idx	The+Goddess+of+1967.sub		0	0
/Volumes/分类/CULT·实验/亚当斯一家的价值观	1	[亚当斯一家的价值观].The.Addams.Family.Values.1993.DVDRip.DivX-NoGrp.idx	[亚当斯一家的价值观].The.Addams.Family.Values.1993.DVDRip.DivX-NoGrp.sub		0	0
/Volumes/分类/CULT·实验/亲信	3	正體.srt;簡體.srt;英文.srt			0	0
/Volumes/分类/CULT·实验/化身博士	1	[化身博士].Dr.Jekyll.and.Mr.Hyde.1931.DVDRip.X264.AAC-jeffWen.idx;Dr.Jekyll.and.Mr.Hyde.1931.DVDRip.X264.AAC-jeffWen.baofeng.idx	[化身博士].Dr.Jekyll.and.Mr.Hyde.1931.DVDRip.X264.AAC-jeffWen.sub;Dr.Jekyll.and.Mr.Hyde.1931.DVDRip.X264.AAC-jeffWen.baofeng.sub		0	0
/Volumes/分类/CULT·实验/月亮上的人	2	[月亮上的人].Man.On.The.Moon.DVDRip.XviD.AC3.CD1-iMC.idx;[月亮上的人].Man.On.The.Moon.DVDRip.XviD.AC3.CD2-iMC.idx	[月亮上的人].Man.On.The.Moon.1999.DVDRip.XviD.AC3.iNTERNAL.U-ART-CD1.sub;[月亮上的人].Man.On.The.Moon.1999.DVDRip.XviD.AC3.iNTERNAL.U-ART-CD2.sub		0	0
/Volumes/分类/CULT·实验/有机体的秘密	1	WR Mysteries of the Organism (1971).idx	WR Mysteries of the Organism (1971).sub		0	0
/Volumes/分类/CULT·实验/杀妻总动员	2	[杀妻总动员].Survive.Style.5.Plus.2004.DVDRip.XviD-iMBT-CD1.chs.srt;[杀妻总动员].Survive.Style.5.Plus.2004.DVDRip.XviD-iMBT-CD2.chs.srt			0	0
/Volumes/分类/CULT·实验/百合潮湿的欲望	1	百合潮湿的欲望.eng.idx;百合潮湿的欲望.idx	百合潮湿的欲望.chn.sub;百合潮湿的欲望.sub		0	0
/Volumes/分类/CULT·实验/莫雷尔的发明	0	莫雷尔的发明.srt			1	0
/Volumes/分类/CULT·实验/逆喷射家族	2	Crazy.Family.(Gyakufunsha.kazoku).1984.DVDRip.XviD.CD2-iSHii_Eng.srt;逆喷射家族The_Crazy_Family_CD1.srt			0	0
/Volumes/分类/CULT·实验/黑桃王后	1	黑桃王后.idx	黑桃王后.sub		0	0
/Volumes/分类/黑色电影/不夜城	1	不夜城.idx	不夜城.sub		0	0
/Volumes/分类/黑色电影/兰闺艳血	1	In.a.Lonely.Place.1950.DVDRip.XviD-MDX.idx	In.a.Lonely.Place.1950.DVDRip.XviD-MDX.sub		0	0
/Volumes/分类/黑色电影/十字交锋	0	十字交锋Criss Cross.srt;十字交锋eng.srt			0	1
/Volumes/分类/黑色电影/卡车斗士	0	黑夜飞车.idx	黑夜飞车.sub		0	1
/Volumes/分类/黑色电影/堕落天使	0	（英字）堕落天使Fallen_Angel.srt			0	1
/Volumes/分类/黑色电影/夜幕	1	VTS_03_0.idx	VTS_03_0.sub		0	0
/Volumes/分类/黑色电影/夜逃鸳鸯	0	（英字）夜逃鸳鸯They_Live_by_Night_DVDRip-ellroy.srt			0	1
/Volumes/分类/黑色电影/大爵士乐队	1	大爵士乐队.idx	大爵士乐队.sub		0	0
/Volumes/分类/黑色电影/战胜恶魔	1	战胜恶魔.idx	战胜恶魔.sub		0	0
/Volumes/分类/黑色电影/枪疯	1	Gun Crazy(1949).idx	Gun Crazy(1949).sub		0	0
/Volumes/分类/黑色电影/步步惊魂	1	Point.Blank.1967.DVDRip.XviD-SAPHiRE.chs.srt			0	1
/Volumes/分类/黑色电影/沉默中爆发	2	[沉默中爆发].Blast.of.silence.1961.DVDrip.XviD.AC3.iNT-alaundo.chs.srt;[沉默中爆发].Blast.of.silence.1961.DVDrip.XviD.AC3.iNT-alaundo.eng.srt;沉默中爆发_Blast_of_Silence1961.chn.srt			0	0
/Volumes/分类/黑色电影/痛苦的报酬	1	Force of Evil (1948).srt;痛苦的报酬.idx	痛苦的报酬.sub		0	1
/Volumes/分类/黑色电影/血溅虎头门	1	Brute Force[简&评论字幕].idx	Brute Force[简&评论字幕].sub		0	0
/Volumes/分类/黑色电影/邮差总按两次铃	1	The.Postman.Always.Rings.Twice.1946.CD1.DVDRip.XviD-FiNaLe.srt;The.Postman.Always.Rings.Twice.1946.CD2.DVDRip.XviD-FiNaLe.srt			0	1
/Volumes/分类/恐怖/恐怖小店	1	ils.the.little.shop.of.horrors.1960.colorized.idx	ils.the.little.shop.of.horrors.1960.colorized.sub		0	0
/Volumes/分类/音乐/The Fabulous Baker Boys	2	The.Fabulous.Baker.Boys.1989.XviD.AC3.CD1-WAF.Chs.srt;The.Fabulous.Baker.Boys.1989.XviD.AC3.CD1-WAF.Eng.srt;The.Fabulous.Baker.Boys.1989.XviD.AC3.CD2-WAF.Chs.srt;The.Fabulous.Baker.Boys.1989.XviD.AC3.CD2-WAF.Eng.srt			0	0
/Volumes/分类/音乐/冬天里的心	1	Un.Coeur.En.Hiver.1992.DVDRip.XviD-NewMov.idx	Un.Coeur.En.Hiver.1992.DVDRip.XviD-NewMov.sub		0	0
/Volumes/分类/音乐/曼波歌王	2	The.Mambo.Kings.1992.XviD.AC3.CD1-WAF.Eng.srt;The.Mambo.Kings.1992.XviD.AC3.CD2-WAF.Eng.srt			0	0
/Volumes/分类/战争/亚历山大·涅夫斯基	1	亚历山大·内夫斯基.idx	亚历山大·内夫斯基.sub		0	0
/Volumes/分类/战争/卡比莉亚	2	Cabiria.1914.DVDRip.XviD-SAPHiRE.CD1.srt;Cabiria.1914.DVDRip.XviD-SAPHiRE.CD2.srt			0	0
/Volumes/分类/战争/斯大林格勒战役	2	Stalingrad.1993.DVDRip.XviD.AC3.CD1-MS.chs.srt;Stalingrad.1993.DVDRip.XviD.AC3.CD2-MS.chs.srt			0	0
/Volumes/分类/战争/阳晖楼	1	阳晖楼.idx	阳晖楼.sub		0	0
/Volumes/分类/爱情/三妻艳史/[三妻艳史].A.Letter.To.Three.Wives.1949.DVDRip.XviD-VH-PROD	0	[三妻艳史].A.Letter.To.Three.Wives.1949.DVDRip.XviD-VH-PROD.idx	[三妻艳史].A.Letter.To.Three.Wives.1949.DVDRip.XviD-VH-PROD.sub		0	0
/Volumes/分类/爱情/爱	1	Károly Makk-Szerelem ('Love') (1971).idx;Károly Makk-Szerelem ('Love') (1971)英法.idx	Károly Makk-Szerelem ('Love') (1971).sub;Károly Makk-Szerelem ('Love') (1971)英法.sub		0	0
/Volumes/分类/爱情/爱在世界崩溃时	1	lap-wseo.idx	lap-wseo.sub		0	0
/Volumes/分类/爱情/爱在别乡的季节	1	[爱在别乡的季节].Farewell China.1990.DVDRip.X264.AAC-KEN.idx	[爱在别乡的季节].Farewell China.1990.DVDRip.X264.AAC-KEN.sub		0	0
/Volumes/分类/爱情/爱情公寓	1	[爱情公寓].Orange.Love.2007.DVDRip.XviD-AsiSter.baofeng.idx	[爱情公寓].Orange.Love.2007.DVDRip.XviD-AsiSter.baofeng.sub		0	0
/Volumes/分类/纪录/中国一个世纪的革命	0	China.A.Century.of.Revolution.Part1.DVDrip.XviD.idx;China.A.Century.of.Revolution.Part2.DVDrip.XviD.idx;China.A.Century.of.Revolution.Part3.DVDrip.XviD.idx	China.A.Century.of.Revolution.Part1.DVDrip.XviD.sub;China.A.Century.of.Revolution.Part2.DVDrip.XviD.sub;China.A.Century.of.Revolution.Part3.DVDrip.XviD.sub		3	0
/Volumes/分类/纪录/光影的魅力	1	hon-vol.idx	hon-vol.sub		0	0
/Volumes/分类/纪录/大熊猫的生活	3	[大熊猫的生活].Panda.Days.2008.DVDRip.H264.AAC.CD1.srt;[大熊猫的生活].Panda.Days.2008.DVDRip.H264.AAC.CD2.srt;[大熊猫的生活].Panda.Days.2008.DVDRip.H264.AAC.Extra.srt			0	0
/Volumes/分类/纪录/寻找贝多芬	2	[寻找贝多芬].In.Search.of.Beethoven.LIMI...(1).srt;[寻找贝多芬].In.Search.of.Beethoven.LIMI....srt			0	0
/Volumes/分类/纪录/山有多高	1	纪录观点之山有多高.idx			0	1
/Volumes/分类/纪录/战地摄影师	1	[战地摄影师].War.Photographer.2001.DVDRip.XviD-TxxZ.baofeng.idx			0	0
/Volumes/分类/纪录/早期电影——初创及先锋	3	早期电影——初创及先锋CD1.srt;早期电影——初创及先锋CD2.srt;早期电影——初创及先锋CD3.srt			0	0
/Volumes/分类/纪录/森山大道	2	簡體Moriyama_Daido_Special.srt;簡體Near Equal Moriyama Daido.srt;繁體Moriyama_Daido_Special.srt;繁體Near Equal Moriyama Daido.srt			0	0
/Volumes/分类/纪录/直击弯心	0			CN_Hitting.track_3.sup;TW_Hitting.track_4.sup	0	0
/Volumes/分类/纪录/舞吧·卓别林	2	Dancing.Chaplin.2011.CD1.DVDRip.XviD-LiiO.idx;Dancing.Chaplin.2011.CD2.DVDRip.XviD-LiiO.idx	Dancing.Chaplin.2011.CD1.DVDRip.XviD-LiiO.sub;Dancing.Chaplin.2011.CD2.DVDRip.XviD-LiiO.sub		0	0
/Volumes/分类/纪录/草间弥生之最爱	2	cowry-ykilm-cd1.idx;cowry-ykilm-cd2.idx	cowry-ykilm-cd1.sub;cowry-ykilm-cd2.sub		0	0
/Volumes/分类/纪录/萧沆启示录	1		RomaniaCinemaApocalipsaDupa.avi.sub		0	0
/Volumes/分类/纪录/解构企业	2	The.Corporation.CD1.DVDRip.XviD-ALLiANCE.idx;The.Corporation.CD2.DVDRip.XviD-ALLiANCE.idx	The.Corporation.CD1.DVDRip.XviD-ALLiANCE.sub;The.Corporation.CD2.DVDRip.XviD-ALLiANCE.sub		0	0
/Volumes/分类/纪录/诗歌的力量/Subs	0	louder.than.a.bomb.limited.2010.dvdrip.xvid-lpd.idx			0	0
/Volumes/分类/纪录/资本主义人民共和国	4	Discovery.The.Peoples.Republic.of.Capitalism.1of4.Joined.at.the.Hip.XviD.AC3.MVGroup.org.srt;Discovery.The.Peoples.Republic.of.Capitalism.2of4.From.MAOism.to.MEism.XviD.AC3.MVGroup.org.srt;Discovery.The.Peoples.Republic.of.Capitalism.3of4.The.Fast.Lane.XviD.AC3.MVGroup.org.srt;Discovery.The.Peoples.Republic.of.Capitalism.4of4.Its.the.Economy.Stupid.XviD.AC3.MVGroup.org.srt			0	0
/Volumes/分类/科幻·奇幻/外星奇遇	3	Kin-Dza-Dza.(DVDRip,.DivX,.Rus).1.of.2.ShareReactor.EN.srt;Kin-Dza-Dza.(DVDRip,.DivX,.Rus).2.of.2.ShareReactor.EN.srt			0	0
/Volumes/分类/科幻·奇幻/天使消失的年代	1		Rok_dabla-DivXCZ+(eng).sub		1	0
/Volumes/分类/科幻·奇幻/幻灵夹克	2	[灵幻夹克].The.Jacket.2005.HDRip.XviD-TLF.cd1.chs.srt;[灵幻夹克].The.Jacket.2005.HDRip.XviD-TLF.cd2.chs.srt			0	0
/Volumes/分类/科幻·奇幻/明朗的天空	2	liquid sky 1982 cd1 dvdrip xivd-qix.srt;liquid sky 1982 cd2 dvdrip xivd-qix.srt			0	0
/Volumes/分类/科幻·奇幻/永恒国度的终焉/英繁	0	CD1英繁.srt;CD2英繁.srt			0	0
/Volumes/分类/科幻·奇幻/永恒国度的终焉/繁體中文	0	繁體中文CD1.srt;繁體中文CD2.srt			0	0
/Volumes/分类/科幻·奇幻/永恒国度的终焉/英文	0	Конец вечности CD1x2.srt;Конец вечности CD2x2.srt			0	0
/Volumes/分类/科幻·奇幻/永恒国度的终焉/簡體中文	0	簡體中文CD1.srt;簡體中文CD2.srt			0	0
/Volumes/分类/科幻·奇幻/永恒国度的终焉/英簡	0	CD1英簡.srt;CD2英簡.srt			0	0
/Volumes/分类/科幻·奇幻/玛丽娜/Ļ	0	Le.Fond.de.l.Air.Est.Rouge.Part.I.DVDRip.XviD.by.MakingOff.Org.idx;Le.Fond.de.l.Air.Est.Rouge.Part.II.DVDRip.XviD.by.MakingOff.Org.idx	Le.Fond.de.l.Air.Est.Rouge.Part.I.DVDRip.XviD.by.MakingOff.Org.sub;Le.Fond.de.l.Air.Est.Rouge.Part.II.DVDRip.XviD.by.MakingOff.Org.sub		0	0
/Volumes/分类/科幻·奇幻/苏菲的世界	2	Sophies.World.1999.PART1.DVDRip.XviD-PROMiSE.idx;Sophies.World.1999.PART2.DVDRip.XviD-PROMiSE.idx	Sophies.World.1999.PART1.DVDRip.XviD-PROMiSE.sub;Sophies.World.1999.PART2.DVDRip.XviD-PROMiSE.sub		0	0
/Volumes/分类/科幻·奇幻/蝴蝶春梦	1	the.collector.1965.dvdrip.xvid.particle.idx	VTS_01_0.sub		0	0
/Volumes/分类/短篇集/六个视线	1	[六人视线].If.You.Were.Me.2003.DVDRip.x264.AC3-zKF.idx	[六人视线].If.You.Were.Me.2003.DVDRip.x264.AC3-zKF.sub		0	0
/Volumes/分类/短篇集/大师们的第一部	2	[大师们的第一部].Their.First.Films.Xvid.Edge-CD1.idx;[大师们的第一部].Their.First.Films.Xvid.Edge-CD2.idx;大师们的第1部1946-1971.idx	[大师们的第一部].Their.First.Films.Xvid.Edge-CD2.sub;VTS_01_0.sub;大师们的第1部1946-1971CD2.sub		0	0
/Volumes/分类/短篇集/德国之秋	2	Germany In Autumn [a].idx;Germany In Autumn [b].idx	Germany In Autumn [a].sub;Germany In Autumn [b].sub		0	0
/Volumes/分类/短篇集/果酱短片集	1	jam.films.2002.dvdrip.xvid-imbt.idx	jam.films.2002.dvdrip.xvid-imbt.sub		0	0
/Volumes/分类/短篇集/穆府的歌剧	0	Agnes Varda - L'opéra-mouffe.srt;Agnes.Varda-introduction.to.L.opera-Mouffe-SMz.chs.srt			0	1
/Volumes/分类/短篇集/艺术家夫妇U	0	Un.Couple.d.Artistes.1970.DVDrip.XVi.srt;Un.Couple.d.Artistes.1970.DVDrip.XViD.chs.srt			0	1
/Volumes/分类/短篇集/火车三段程	1	Tickets.2005.DVDRip.x264-mafalda.idx	Tickets.2005.DVDRip.x264-mafalda.sub		0	0
/Volumes/分类/合集/要分类/十字军骑士	1	十字军骑士(波)1960.idx	十字军东征.sub		0	0
/Volumes/分类/合集/要分类/执斧人	1	簡體中文.srt;繁體中文.srt;英字Siekierezada aka Axiliad v3.srt			0	0
/Volumes/分类/合集/要分类/(1950)遥远的旅程 Daleká cesta	1	pme-dj.idx	pme-dj.sub		0	0
/Volumes/分类/合集/要分类/(1963)一日一猫 Az prijde kocour	1	VTS_02_0.idx	VTS_02_0.sub		0	0
/Volumes/分类/合集/要分类/(1966)雏菊 Sedmikrásky	1	Daisies.idx	Daisies.sub		0	0
/Volumes/分类/合集/要分类/(1966)海底的珍珠 Perlicky na dne	1	海底的珍珠.idx	海底的珍珠.sub		0	0
/Volumes/分类/合集/要分类/(1969)玩笑	1	玩笑+Zert+(1969).idx	玩笑+Zert+(1969).sub		0	0
/Volumes/分类/合集/要分类/(1970)巫师的铁锤 Kladivo na carodejnice	1		Kladivo na 膷arod臎jnice.sub		0	0
/Volumes/分类/合集/要分类/(1996)耳语 Septej	1		Septej.sub		0	0
/Volumes/分类/合集/要分类/(1996)马里安 Marian	1	VTS_02_0.idx	VTS_02_0.sub		0	0
/Volumes/分类/合集/要分类/可洛登战役	1	Peter.Watkins.Culloden.1964.TV.Xvid.idx	WARGAME_CULLODEN.sub		0	0
/Volumes/分类/合集/要分类/惩罚公园	1	Punishment Park[简].idx	Punishment Park[简].sub		0	0
/Volumes/分类/合集/要分类/战争游戏	1	the war game.idx;the_war_game.eng.idx	the war game.sub;the_war_game.chn.sub		0	0
/Volumes/分类/名著改编/卡夫卡电影作品集/人体	2	Menschenkoerper[GER].chs.srt			0	0
/Volumes/分类/故事/昨日青春	1			愉快终末.HAPPYEND.2024.U-NEXT.WEB-DL.1080p.X264-XRES.chs.otoka_sub-030.sup	0	0
/Volumes/分类/喜剧/一切善良的市民们	2	CESKY FILM - Vsichni dobri rodaci - CD 1 - 56.50 cas skvela kvalita - VLC.Ens.srt;CESKY FILM - Vsichni dobri rodaci - CD 1 - 56.50 cas skvela kvalita - VLC.srt;Cesky Flim - Vsichni Dobri Rodaci - Cd 2 - 57.59 Cas Skvela Kvalita - Vlc.Ens.srt;Cesky Flim - Vsichni Dobri Rodaci - Cd 2 - 57.59 Cas Skvela Kvalita - Vlc.srt			0	0
/Volumes/分类/喜剧/奥勃洛莫夫一生中的几天	2	Oblomov01.eng.srt;Oblomov02.eng.srt			0	0
/Volumes/分类/喜剧/意大利式离婚	1	[意大利式离婚].Divorce.Italian.Style.1961.CE.DVDRip.XviD-iMMORTALs.idx	[意大利式离婚].Divorce.Italian.Style.1961.CE.DVDRip.XviD-iMMORTALs.sub		0	0
/Volumes/分类/喜剧/捷克有间大酒店	1	Grandhotel.2006.dvdrip.Xvid-Douban.EnCz-sub.idx	Grandhotel.2006.dvdrip.Xvid-Douban.EnCz-sub.sub		1	0
/Volumes/分类/喜剧/摇尾狗	1	[作大英雄].Wag.The.Dog.1997.DVDRip.XviD-OS.iLUMiNADOS.idx	[作大英雄].Wag.The.Dog.1997.DVDRip.XviD-OS.iLUMiNADOS.sub		0	0
/Volumes/分类/喜剧/相约星期二	2	[Լڶ].Tuesdays.with.Morrie.1999.XviD.AC3.CD1-WAF.srt;[Լڶ].Tuesdays.with.Morrie.1999.XviD.AC3.CD2-WAF.srt			0	0
/Volumes/分类/喜剧/道别派对	1	Mita.Tova.2014.DVDRIP.XVID.AC3.chs.srt			0	0
/Volumes/分类/喜剧/黑色池塘	0	黑色池塘.Black.Pond.2011.DVDRip.XviD-TASTE.chs.srt			0	0
/Volumes/分类/惊悚·犯罪·动作/人性/[人性].Human.Nature.2001	0	[人性.Human.Nature.2001.PROPER.XviD.AC3....srt;[人性].Human.Nature.2001.PROPER.XviD.AC3....srt			0	0
/Volumes/分类/惊悚·犯罪·动作/失踪宝贝	2	[失踪的宝贝].Gone.Baby.Gone.2007.BDRip.X264-TLF-CD1.chs.srt;[失踪的宝贝].Gone.Baby.Gone.2007.BDRip.X264-TLF-CD2.chs.srt			0	0
/Volumes/分类/惊悚·犯罪·动作/最美丽的妻子	1	The.Most.Beautiful.Wife.70.idx	The.Most.Beautiful.Wife.70.sub		0	0
/Volumes/分类/惊悚·犯罪·动作/柏林谍影/07.26.04.The.Spy.Who.Came.In.from.the.Cold.1965.DVDRip.XviD-PROMiSE.CnEn.SUB.NTK	0	pme-spy-cd1.big5.srt;pme-spy-cd1.en.srt;pme-spy-cd1.gb.srt;pme-spy-cd2.big5.srt;pme-spy-cd2.en.srt;pme-spy-cd2.gb.srt			0	0
/Volumes/分类/惊悚·犯罪·动作/玛塔在里斯本	1	O Cerco aka Besieged 1970.idx	O Cerco aka Besieged 1970.sub		0	0
/Volumes/分类/惊悚·犯罪·动作/蝗虫之日	2	The.Day.Of.The.Locust.1975.DVDRip.Xvid-MDX.CD1.ENG.srt;The.Day.Of.The.Locust.1975.DVDRip.Xvid-MDX.CD2.ENG.srt			0	0
/Volumes/分类/惊悚·犯罪·动作/该死的野兽	1	野兽之死.the.beast.to.die.(toru.murakawa.1980).idx	野兽之死.the.beast.to.die.(toru.murakawa.1980).sub		0	0
/Volumes/分类/青春·儿童/丑八怪	2	[丑八怪].Chuchelo.1983.CD1.XVID.MP3.Psycho-Share.idx;[丑八怪].Chuchelo.1983.CD2.XVID.MP3.Psycho-Share.idx	[丑八怪].Chuchelo.1983.CD1.XVID.MP3.Psycho-Share.sub;[丑八怪].Chuchelo.1983.CD2.XVID.MP3.Psycho-Share.sub		0	0
/Volumes/分类/青春·儿童/听见天堂	1	[听见天堂].Red.Like.The.Sky.2006.DVDRip.XviD-MESS.idx	[听见天堂].Red.Like.The.Sky.2006.DVDRip.XviD-MESS.sub		0	0
/Volumes/分类/青春·儿童/坏痞子	0	rizz-bb-cd1.idx;rizz-bb-cd2.idx	rizz-bb-cd1.sub;rizz-bb-cd2.sub		0	0
/Volumes/分类/青春·儿童/希特勒的男孩	2	元首的精英-Napola-2004-cd1.srt;元首的精英-Napola-2004-cd2.srt			0	0
/Volumes/分类/青春·儿童/往事如烟	2	[医院风云1].Lars.von.Trier.-.Riget.-.The.Kingdom.1994.CD1.eng.srt;[往事如烟].Things.We.Lost.In.The.Fire.2007.BDRip.X264-TLF-cd2.chs.srt			0	0
/Volumes/分类/青春·儿童/悲怜上帝的小女儿	1	[悲怜上帝的小女儿].Ponette.1996.DVDRip.Xvid.Mp3.720x480.30Fps.French.idx	[悲怜上帝的小女儿].Ponette.1996.DVDRip.Xvid.Mp3.720x480.30Fps.French.sub		0	0
/Volumes/分类/青春·儿童/想飞的钢琴少年	2	[想飞的钢琴少年].Vitus.2006.DVDRip.XviD-AsiSter-CD1.Chs.srt;[想飞的钢琴少年].Vitus.2006.DVDRip.XviD-AsiSter-CD2.Chs.srt			0	0
/Volumes/分类/青春·儿童/末路狂奔	2	Die innere Sicherheit.CD1.DVDRip.XviD-AEN.idx;Die innere Sicherheit.CD2.DVDRip.XviD-AEN.idx	Die innere Sicherheit.CD1.DVDRip.XviD-AEN.sub;Die innere Sicherheit.CD2.DVDRip.XviD-AEN.sub		0	0
