folder	movie	subtitle_count	subdir_count	other_file_count
/Volumes/导演们/让·雷诺阿/风中双骑	/Volumes/导演们/让·雷诺阿/风中双骑/风中双骑.Saddle.the.Wind.1958.mkv	1	0	0
/Volumes/导演们/韦斯·安德森/水中生活	/Volumes/导演们/韦斯·安德森/水中生活/水中生活.The.Life.Aquatic.with.Steve.Zissou.2004.DVD.SCREENER.XViD-TheFly.avi	1	0	0
/Volumes/导演们/埃里克·侯麦/德莱叶	/Volumes/导演们/埃里克·侯麦/德莱叶/德莱叶.Cinéastes.de.notre.temps.Carl.Th.Dreyer.1965.avi	1	0	0
/Volumes/导演们/安杰伊·瓦依达/伊乌扎的陶瓷	/Volumes/导演们/安杰伊·瓦依达/伊乌扎的陶瓷/伊乌扎的陶瓷.Ceramika.ilzecka.1951.mkv	2	1	0
/Volumes/导演们/安杰伊·瓦依达/桦树林	/Volumes/导演们/安杰伊·瓦依达/桦树林/桦树林.Brzezina.1970.XVID-KG.avi	2	0	0
/Volumes/导演们/荻上直子/厕所	/Volumes/导演们/荻上直子/厕所/厕所.Toilet.2010.DVDRip.XviD-MOC.mp4	1	0	0
/Volumes/导演们/多罗塔·肯杰尔扎沃斯卡/候鸟	/Volumes/导演们/多罗塔·肯杰尔扎沃斯卡/候鸟/候鸟.Wrony.1994.mp4	1	0	0
/Volumes/导演们/多罗塔·肯杰尔扎沃斯卡/我是	/Volumes/导演们/多罗塔·肯杰尔扎沃斯卡/我是/我是.Jestem.2005.DVDRip.XViD-DvF.mp4	1	0	0
/Volumes/导演们/多罗塔·肯杰尔扎沃斯卡/死期将至	/Volumes/导演们/多罗塔·肯杰尔扎沃斯卡/死期将至/死期将至.Time.To.Die.2007.DVDRip.XviD-RESERVED.mp4	2	0	0
/Volumes/导演们/弗里茨·朗/夜澜人未静	/Volumes/导演们/弗里茨·朗/夜澜人未静/夜澜人未静.While.The.City.Sleeps.1956.mkv	1	0	0
/Volumes/导演们/弗里茨·朗/恶人牧场	/Volumes/导演们/弗里茨·朗/恶人牧场/恶人牧场.Rancho.Notorious.1952.DVDRip.XviD-iMMORTALs.mkv	2	0	0
/Volumes/导演们/弗里茨·朗/慕理小镇(英字)	/Volumes/导演们/弗里茨·朗/慕理小镇(英字)/慕理小镇.Moonfleet.1955.英字.mp4	1	0	0
/Volumes/导演们/罗伯托·罗西里尼/圣弗朗西斯之花	/Volumes/导演们/罗伯托·罗西里尼/圣弗朗西斯之花/圣弗朗西斯之花.Francesco.giullare.di.Dio.1950.mp4	1	0	0
/Volumes/导演们/罗伊·安德森/你还活着	/Volumes/导演们/罗伊·安德森/你还活着/你还活着.Du.levande.2007.mp4	2	0	0
/Volumes/导演们/罗伊·安德森/羁旅情愫	/Volumes/导演们/罗伊·安德森/羁旅情愫/羁旅情愫.Giliap.1975.mkv	1	0	0
/Volumes/导演们/乔拉·赫兹/旧货店	/Volumes/导演们/乔拉·赫兹/旧货店/旧货店.Sberné.surovosti.1965.avi	1	0	0
/Volumes/导演们/乔拉·赫兹/去年夏天的甜蜜游戏	/Volumes/导演们/乔拉·赫兹/去年夏天的甜蜜游戏/去年夏天的甜蜜游戏.Sladké.hry.minulého.léta.1970.avi	1	0	0
/Volumes/导演们/乔拉·赫兹/油灯	/Volumes/导演们/乔拉·赫兹/油灯/油灯.Petrolejové.lampy.1971.avi	2	0	0
/Volumes/导演们/乔拉·赫兹/再见吾爱	/Volumes/导演们/乔拉·赫兹/再见吾爱/再见吾爱.Den.pro.mou.lásku.1976.avi	1	0	0
/Volumes/导演们/乔拉·赫兹/甜蜜的麻烦	/Volumes/导演们/乔拉·赫兹/甜蜜的麻烦/甜蜜的麻烦.Sladke.starosti.1984.avi	1	0	0
/Volumes/导演们/让·维果/塔里斯	/Volumes/导演们/让·维果/塔里斯/(1931)˹ Jean Taris,Swimming Champion.avi	1	0	0
/Volumes/导演们/让·维果/操行零分	/Volumes/导演们/让·维果/操行零分/(1933) Zero For Conduct.avi	1	0	0
/Volumes/导演们/让·维果/驳船亚特兰大号	/Volumes/导演们/让·维果/驳船亚特兰大号/亚特兰大号.L.Atalante.1934.mp4	2	0	0
/Volumes/导演们/让·尤斯塔奇/下流故事	/Volumes/导演们/让·尤斯塔奇/下流故事/下流故事.Jean.Eustache-Une.sale.histoire.1977.mkv	1	0	0
/Volumes/导演们/让·尤斯塔奇/我的小情人	/Volumes/导演们/让·尤斯塔奇/我的小情人/我的小情人.Mes.Petites.Amoureuses.(My.Little.Loves).1974.en.avi	1	0	4
/Volumes/导演们/让·尤斯塔奇/甜蜜坏朋友	/Volumes/导演们/让·尤斯塔奇/甜蜜坏朋友/甜蜜坏朋友.Les.mauvaises.fréquentations.1963.mkv	1	0	0
/Volumes/导演们/让·尤斯塔奇/蓝眼睛的圣诞老人	/Volumes/导演们/让·尤斯塔奇/蓝眼睛的圣诞老人/蓝眼睛的圣诞老人.Le.Pere.Noel.a.Les.Yeux.Bleus.1966.mkv	1	0	0
/Volumes/导演们/让·尤斯塔奇/阿历克斯的照片	/Volumes/导演们/让·尤斯塔奇/阿历克斯的照片/阿历克斯的照片.Jean.Eustache.Short.Films.1963-1980.(Les.Mauvaises.frequentations.Le.Pere.Noel.a.les.yeux.bleus.Une.sale.histoire.Les.Photos.d.Alix).-.AUESS.mkv	1	0	0
/Volumes/导演们/约翰.休斯顿/死者(英字)	/Volumes/导演们/约翰.休斯顿/死者(英字)/死者.The.Dead.1987.英字.avi	1	0	0
/Volumes/导演们/约翰.休斯顿/夜阑人未静	/Volumes/导演们/约翰.休斯顿/夜阑人未静/夜阑人未静.The.Asphalt.Jungle.1950.CC.BDRip.X264.iNT-TLF.mkv	2	0	0
/Volumes/导演们/塚本晋也/铁男I：金属兽	/Volumes/导演们/塚本晋也/铁男I：金属兽/铁男I.金属兽.Tetsuo.1989.DVDRIP-Sumire.mp4	1	0	0
/Volumes/导演们/罗伯特·布列松/乡村牧师日记	/Volumes/导演们/罗伯特·布列松/乡村牧师日记/乡村牧师日记.Diary.Of.A.Country.Priest.1951.DVDRip.XviD-FRAGMENT.mp4	3	0	0
/Volumes/导演们/罗伯特·布列松/可能是魔鬼	/Volumes/导演们/罗伯特·布列松/可能是魔鬼/可能是魔鬼.Le.Diable.Probablement.1977.Robert.Bresson.mp4	1	0	0
/Volumes/导演们/罗伯特·布列松/圣女贞德的审判	/Volumes/导演们/罗伯特·布列松/圣女贞德的审判/圣女贞德的审判.Le.Procès.de.Jeanne.d.Arc.1962.(Robert.Bresson).DIVX.IT-Fr.mp4	1	0	0
/Volumes/导演们/罗伯特·布列松/梦想者四夜	/Volumes/导演们/罗伯特·布列松/梦想者四夜/一个梦想者的四个夜晚.Quatre.nuits.d.un.reveur.1971.mkv	1	0	0
/Volumes/导演们/罗伯特·布列松/武士兰士诺	/Volumes/导演们/罗伯特·布列松/武士兰士诺/湖上的兰斯洛.Robert.Bresson-Lancelot.du.Lac.1974.mp4	1	0	0
/Volumes/导演们/罗伯特·布列松/温柔女子	/Volumes/导演们/罗伯特·布列松/温柔女子/温柔女子.Robert.Bresson-Une.femme.douce.1969.mp4	1	0	0
/Volumes/导演们/罗伯特·布列松/罪恶天使	/Volumes/导演们/罗伯特·布列松/罪恶天使/罪恶天使.Les.Anges.Du.Peche.1943.DVDrip.XVID.AC3-Rulle.avi	1	0	0
/Volumes/导演们/罗伯特·布列松/钱	/Volumes/导演们/罗伯特·布列松/钱/钱.Money.1983.DVDRip.XviD-NewMov.mp4	1	0	0
/Volumes/导演们/马丁·斯科塞斯/冷血霹雳火	/Volumes/导演们/马丁·斯科塞斯/冷血霹雳火/冷血霹雳火.Boxcar.Bertha.1972.Martin.Scorsese.mkv	1	0	0
/Volumes/导演们/马丁·斯科塞斯/喜剧之王	/Volumes/导演们/马丁·斯科塞斯/喜剧之王/喜剧之王.The.King.Of.Comedy.1983.XviD.AC3-WAF.avi	1	0	0
/Volumes/导演们/玛琳·黛德丽[演员]/(1936)欲念 Desire	/Volumes/导演们/玛琳·黛德丽[演员]/(1936)欲念 Desire/欲念.Desire.1936.Frank.Borzage.Marlene.Dietrich.Gary.Cooper.DVDRip.XviD-iMMORTALs.avi	1	0	0
/Volumes/导演们/玛琳·黛德丽[演员]/(1984)关于玛琳的二三事 Marlene	/Volumes/导演们/玛琳·黛德丽[演员]/(1984)关于玛琳的二三事 Marlene/关于玛琳的二三事.Maximilian.Schell.1984.Marlene.DVDRip.XViD.avi	1	0	0
/Volumes/导演们/玛琳·黛德丽[演员]/Blonde Venus金发维纳斯	/Volumes/导演们/玛琳·黛德丽[演员]/Blonde Venus金发维纳斯/金发维纳斯.Movie.Cary.Grant.1932.Blonde.Venus.-.Marlene.Dietrich.avi	1	0	0
/Volumes/导演们/玛琳·黛德丽[演员]/Destry Rides Again碧血烟花	/Volumes/导演们/玛琳·黛德丽[演员]/Destry Rides Again碧血烟花/碧血烟花.Destry.Rides.Again.1939.avi	1	0	0
/Volumes/导演们/玛琳·黛德丽[演员]/Dishonored 羞辱	/Volumes/导演们/玛琳·黛德丽[演员]/Dishonored 羞辱/羞辱.Dishonored.1931.DVDRip.XviD-SAiNTS.(ED2000.COM).avi	1	0	0
/Volumes/导演们/玛琳·黛德丽[演员]/Manpower	/Volumes/导演们/玛琳·黛德丽[演员]/Manpower/Manpower.1941.Marlene.Dietrich.George.Raft.Edward.G.Robinson.avi	1	0	0
/Volumes/导演们/玛琳·黛德丽[演员]/Seven Sinners七枭雄	/Volumes/导演们/玛琳·黛德丽[演员]/Seven Sinners七枭雄/七枭雄.Seven.Sinners.1940.Marlene.Dietrich.John.Wayne.avi	1	0	0
/Volumes/导演们/玛琳·黛德丽[演员]/Shanghai Express上海快车	/Volumes/导演们/玛琳·黛德丽[演员]/Shanghai Express上海快车/上海快车.Shanghai.Express.1932.DVDRip.XviD-VoMiT.avi	2	0	0
/Volumes/导演们/玛琳·黛德丽[演员]/The Devil Is a Woman魔鬼是女人	/Volumes/导演们/玛琳·黛德丽[演员]/The Devil Is a Woman魔鬼是女人/魔鬼是女人.The.Devil.Is.A.Woman.1935.J.von.Sternberg.Marlene.Dietrich.avi	1	0	0
/Volumes/导演们/玛琳·黛德丽[演员]/The Garden of Allah阿拉的花园	/Volumes/导演们/玛琳·黛德丽[演员]/The Garden of Allah阿拉的花园/阿拉的花园.The.Garden.of.Allah.1936.Marlene.Dietricht.(.Eng-Span).avi	1	0	0
/Volumes/导演们/玛琳·黛德丽[演员]/The Song of Songs歌之歌	/Volumes/导演们/玛琳·黛德丽[演员]/The Song of Songs歌之歌/歌之歌.The.Song.of.Songs.1933.avi	1	0	0
/Volumes/导演们/玛琳·黛德丽[演员]/The Spoilers破坏者	/Volumes/导演们/玛琳·黛德丽[演员]/The Spoilers破坏者/破坏者.The.Spoilers.1942.84mns.avi	1	0	1
/Volumes/导演们/米哈依尔·卡拉托佐夫/未寄出的信	/Volumes/导演们/米哈依尔·卡拉托佐夫/未寄出的信/未寄出的信.Letter.Never.Sent.1959.CC.BDRip.X264.iNT-TLF.mkv	2	0	0
/Volumes/导演们/莫森·玛克玛尔巴夫/万籁俱寂	/Volumes/导演们/莫森·玛克玛尔巴夫/万籁俱寂/万籁俱寂.Sokout.The.Silence.1998.Mohsen.Makhmalbaf.mp4	1	0	0
/Volumes/导演们/莫森·玛克玛尔巴夫/女人三部曲	/Volumes/导演们/莫森·玛克玛尔巴夫/女人三部曲/女人三部曲.(Iranian).Roozi.ke.zan.shodam.-.The.Day.I.Became.a.Woman.2000.mp4	1	0	0
/Volumes/导演们/莫森·玛克玛尔巴夫/心灵印记	/Volumes/导演们/莫森·玛克玛尔巴夫/心灵印记/心灵印记.Scream.of.the.Ants.2006.ru6-en.avi	1	0	2
/Volumes/导演们/莫森·玛克玛尔巴夫/电影万岁	/Volumes/导演们/莫森·玛克玛尔巴夫/电影万岁/电影万岁.salaam.cinema.1995.mp4	1	0	0
/Volumes/导演们/莫森·玛克玛尔巴夫/骑单车的人	/Volumes/导演们/莫森·玛克玛尔巴夫/骑单车的人/骑单车的人.El.ciclista.(Bicycleran).1987.Irán.DVDRip.VOSE.mp4	1	0	0
/Volumes/导演们/琪拉·穆拉托娃/一事二了	/Volumes/导演们/琪拉·穆拉托娃/一事二了/dva_v_odnom_DVDRip.avi	2	1	0
/Volumes/导演们/琪拉·穆拉托娃/二等公民	/Volumes/导演们/琪拉·穆拉托娃/二等公民/Второстепенные люди.avi	3	0	0
/Volumes/导演们/琪拉·穆拉托娃/契科夫的主题	/Volumes/导演们/琪拉·穆拉托娃/契科夫的主题/Chehovskie.Motivy.avi	3	0	0
/Volumes/导演们/琪拉·穆拉托娃/寄往美国的信	/Volumes/导演们/琪拉·穆拉托娃/寄往美国的信/寄往美国的信.Letter.to.America.1999.Kira.Muratova.avi	1	0	0
/Volumes/导演们/琪拉·穆拉托娃/漫长的告别	/Volumes/导演们/琪拉·穆拉托娃/漫长的告别/Dolgie_provodi.avi	5	2	0
/Volumes/导演们/琪拉·穆拉托娃/萍水相逢	/Volumes/导演们/琪拉·穆拉托娃/萍水相逢/Korotkie.vstrechi.(1967).DVDRip.avi	2	1	0
/Volumes/导演们/琪拉·穆拉托娃/證明	/Volumes/导演们/琪拉·穆拉托娃/證明/證明.Kira.Muratova.-.Spravka.2005.avi	3	0	0
/Volumes/导演们/琪拉·穆拉托娃/鏡頭記錄：琪拉·穆拉托娃	/Volumes/导演们/琪拉·穆拉托娃/鏡頭記錄：琪拉·穆拉托娃/kira_[torrents.ru].avi	3	0	0
/Volumes/导演们/让·吕克.戈达尔/东风	/Volumes/导演们/让·吕克.戈达尔/东风/东风.Groupe.Dziga.Vertov.-.Le.vent.d'est.1970.mkv	1	0	0
/Volumes/导演们/让·吕克.戈达尔/当戈达尔遇到伍迪艾伦	/Volumes/导演们/让·吕克.戈达尔/当戈达尔遇到伍迪艾伦/当戈达尔遇到伍迪艾伦.Meeting.Woody.Allen.1986.mkv	1	0	0
/Volumes/导演们/让·吕克.戈达尔/德国玖零	/Volumes/导演们/让·吕克.戈达尔/德国玖零/德国玖零.1991.Allemagne.90.Neuf.Zero.mkv	2	0	0
/Volumes/导演们/让·吕克.戈达尔/致弗瑞迪‧比阿许的信	/Volumes/导演们/让·吕克.戈达尔/致弗瑞迪‧比阿许的信/致弗瑞迪.比阿许的信.Lettre.a.Freddy.Buache.1982.avi	2	0	0
/Volumes/导演们/让·吕克.戈达尔/高達神曲	/Volumes/导演们/让·吕克.戈达尔/高達神曲/高達神曲.Notre.Musique.2004.mkv	1	1	0
/Volumes/导演们/阿基·考里斯马基/列宁格勒牛仔遇见摩西	/Volumes/导演们/阿基·考里斯马基/列宁格勒牛仔遇见摩西/列宁格勒牛仔遇见摩西.Leningrad.Cowboys.Meet.Moses.1994.iNTERNAL.DVDRip.XviD-iLS.mkv	1	0	0
/Volumes/导演们/阿基·考里斯马基/尤哈	/Volumes/导演们/阿基·考里斯马基/尤哈/尤哈.Juha.1999.mkv	2	0	0
/Volumes/导演们/阿基·考里斯马基/我聘请了职业杀手	/Volumes/导演们/阿基·考里斯马基/我聘请了职业杀手/我聘请了职业杀手.I.Hired.a.Contract.Killer.1990.mp4	1	0	0
/Volumes/导演们/阿基·考里斯马基/浮云世事	/Volumes/导演们/阿基·考里斯马基/浮云世事/浮云世事.Drifting.Clouds.1996.mp4	2	0	0
/Volumes/导演们/阿莫多瓦/我的秘密之花	/Volumes/导演们/阿莫多瓦/我的秘密之花/我的秘密之花.Pedro.Almodovar.1995.La.Flor.De.Mi.Secreto.(Spanish).(Lpnz).mp4	1	0	0
/Volumes/导演们/阿莫多瓦/空乘情人	/Volumes/导演们/阿莫多瓦/空乘情人/空乘情人.I'm.So.Excited.2013.BluRay.720p.x264.AC3.iNT-TLF.mkv	1	0	0
/Volumes/导演们/阿涅斯·瓦尔达/(1958)走近蓝色海岸 Du côté de la côte	/Volumes/导演们/阿涅斯·瓦尔达/(1958)走近蓝色海岸 Du côté de la côte/走近蓝色海岸.Du.Cote.De.La.Cote.1958.DVDRip.avi	1	0	0
/Volumes/导演们/阿涅斯·瓦尔达/(2002)艾格妮捡风景：两年后 Les glaneurs et la glaneuse... deux ans après	/Volumes/导演们/阿涅斯·瓦尔达/(2002)艾格妮捡风景：两年后 Les glaneurs et la glaneuse... deux ans après/艾格妮捡风景两年后.Les.Glaneurs.et.la.glaneuse.deux.ans.apres.2002.Agnes.Varda.mkv	1	0	0
/Volumes/导演们/阿涅斯·瓦尔达/(2003)飞逝的狮子 Le lion volatil	/Volumes/导演们/阿涅斯·瓦尔达/(2003)飞逝的狮子 Le lion volatil/飞逝的狮子.Le.lion.volatil.2003.Agnes.Varda.mkv	3	0	0
/Volumes/导演们/阿涅斯·瓦尔达/三颗纽扣	/Volumes/导演们/阿涅斯·瓦尔达/三颗纽扣/Les.3.boutons.2015.三颗纽扣.中文字幕(自带英文硬字).1024x576.VP9-DMR.mkv	1	0	0
/Volumes/导演们/阿涅斯·瓦尔达/创造物	/Volumes/导演们/阿涅斯·瓦尔达/创造物/创造物.Les.Créatures.1966.mkv	1	0	0
/Volumes/导演们/达内兄弟/孩子	/Volumes/导演们/达内兄弟/孩子/孩子.The.Child.2005.LiMiTED.DVDRiP.XviD-HLS.mkv	2	0	0
/Volumes/导演们/达内兄弟/年轻的阿迈德	/Volumes/导演们/达内兄弟/年轻的阿迈德/年轻的阿迈德.Young.Ahmed.2019.BDRip.X264.iNT-TLF.Chinese.mkv	1	0	0
/Volumes/导演们/达内兄弟/他人之子	/Volumes/导演们/达内兄弟/他人之子/另一个儿子.Le.Fils.de.l.autre.2012.The.Other.Son.BDRip.X264.iNT-TLF.mkv	3	0	0
/Volumes/导演们/莱妮·里芬斯塔尔/意志的胜利	/Volumes/导演们/莱妮·里芬斯塔尔/意志的胜利/意志的胜利.Leni.Riefenstahl.-.Triumph.des.Willens.1934.Sub.English.DVD.mp4	1	0	0
/Volumes/导演们/雷德利·斯科特/古驰家族	/Volumes/导演们/雷德利·斯科特/古驰家族/古驰家族.House.of.Gucci.2021.BDRip.X264.iNT-TLF.mkv	3	0	0
/Volumes/导演们/雷德利·斯科特/银翼杀手	/Volumes/导演们/雷德利·斯科特/银翼杀手/银翼杀手.Blade.Runner.1982.Final.Cut.BDRip.X264.iNT-TLF.mkv	1	1	0
/Volumes/导演们/路易斯·布努埃尔/卫兵！警戒！	/Volumes/导演们/路易斯·布努埃尔/卫兵！警戒！/卫兵！警戒！.Guard.Alert.1937.DVDRip.XviD-MOC.mp4	1	0	0
/Volumes/导演们/路易斯·布努埃尔/在这所花园中死去	/Volumes/导演们/路易斯·布努埃尔/在这所花园中死去/在这所花园中死去.La.Mort.En.Ce.Jardin.1956.mp4	2	0	0
/Volumes/导演们/路易斯·布努埃尔/大赌场	/Volumes/导演们/路易斯·布努埃尔/大赌场/大赌场.Gran.Casino.1947.avi	1	0	0
/Volumes/导演们/路易斯·布努埃尔/少女	/Volumes/导演们/路易斯·布努埃尔/少女/少女.The.Young.One.1960.avi	1	0	0
/Volumes/导演们/路易斯·布努埃尔/特丽丝塔娜	/Volumes/导演们/路易斯·布努埃尔/特丽丝塔娜/特丽丝塔娜.Tristana.1970.Luis.Bunuel.mp4	2	0	0
/Volumes/导演们/路易斯·布努埃尔/电车上的幻觉	/Volumes/导演们/路易斯·布努埃尔/电车上的幻觉/电车上的幻觉.La.Ilusión.viaja.en.tranvía.DVDRip.DivX.by.MakingOff.Org.mp4	1	0	0
/Volumes/导演们/路易斯·布努埃尔/自由的魅影	/Volumes/导演们/路易斯·布努埃尔/自由的魅影/自由的魅影.Le.Fantome.de.la.liberte.1974.mp4	1	0	0
/Volumes/导演们/路易斯·布努埃尔/苏珊娜	/Volumes/导演们/路易斯·布努埃尔/苏珊娜/苏珊娜.Susana.1951.Vhs.Divx511.mp4	1	0	0
/Volumes/导演们/路易斯·布努埃尔/诈欺师的女儿	/Volumes/导演们/路易斯·布努埃尔/诈欺师的女儿/诈欺师的女儿.La.Hija.del.Engano.1951.avi	1	0	0
/Volumes/导演们/路易斯·布努埃尔/白日美人	/Volumes/导演们/路易斯·布努埃尔/白日美人/白日美人.Belle.de.jour.1967.CC.BDRip.X264.iNT-TLF.mkv	2	0	0
/Volumes/导演们/罗伯特·奥尔特曼/三女性	/Volumes/导演们/罗伯特·奥尔特曼/三女性/三女人.3.Women.1977.DVDrip.XviD.AC3.iNT-alaundo.avi	1	0	0
/Volumes/导演们/罗伯特·奥尔特曼/凡高与提奥	/Volumes/导演们/罗伯特·奥尔特曼/凡高与提奥/凡高与提奥.Robert.Altman.1990.Vincent.&.Theo.mkv	1	0	0
/Volumes/导演们/罗伯特·奥尔特曼/北极光	/Volumes/导演们/罗伯特·奥尔特曼/北极光/北极光.Streamers.1983.avi	1	0	0
/Volumes/导演们/罗伯特·奥尔特曼/花村	/Volumes/导演们/罗伯特·奥尔特曼/花村/花村.McCabe.and.Mrs.Miller.1971.muxed.mkv	2	0	0
/Volumes/导演们/罗伯特·奥尔特曼/银色_性_男女	/Volumes/导演们/罗伯特·奥尔特曼/银色_性_男女/银色.性.男女.Short.Cuts.1993.DVDrip.XviD.AC3.iNT-alaundo.avi	1	0	2
/Volumes/导演们/马基德·马基迪/父亲	/Volumes/导演们/马基德·马基迪/父亲/父亲.Pedar.1996.Majid.Majidi.mp4	1	0	0
/Volumes/导演们/马基德·马基迪/风吹柳树静	/Volumes/导演们/马基德·马基迪/风吹柳树静/风吹柳树静.Willow.Tree.Majid.Majidi.2005.DVDRip.HabibDVD.mp4	2	0	0
/Volumes/导演们/马克斯·奥菲尔斯/Komedie om geld	/Volumes/导演们/马克斯·奥菲尔斯/Komedie om geld/Komedie.om.Geld.1936.Ophuls.mkv	1	0	0
/Volumes/导演们/马克斯·奥菲尔斯/众人之妻	/Volumes/导演们/马克斯·奥菲尔斯/众人之妻/众人之妻.La.Signora.di.Tutti.1934.mp4	1	0	0
/Volumes/导演们/马克斯·奥菲尔斯/大笑的继承人	/Volumes/导演们/马克斯·奥菲尔斯/大笑的继承人/大笑的继承人.Lachende.Erben.1933.mkv	1	0	0
/Volumes/导演们/马克斯·奥菲尔斯/没有明天	/Volumes/导演们/马克斯·奥菲尔斯/没有明天/没有明天.Sans.lendemain.1939.mkv	1	0	0
/Volumes/导演们/马克斯·奥菲尔斯/温柔的敌人	/Volumes/导演们/马克斯·奥菲尔斯/温柔的敌人/温柔的敌人.La.Tendre.Ennemie.1936.Max.Ophuls.mkv	1	0	0
/Volumes/导演们/马克斯·奥菲尔斯/维特	/Volumes/导演们/马克斯·奥菲尔斯/维特/维特.Le.Roman.de.Werther.1938.mkv	1	0	0
/Volumes/导演们/米洛斯·福尔曼/逃家	/Volumes/导演们/米洛斯·福尔曼/逃家/逃家.Taking.Off.1971.DVDRip.XviD-SCHWEiK.mp4	1	0	0
/Volumes/导演们/米洛斯·福尔曼/黑彼得	/Volumes/导演们/米洛斯·福尔曼/黑彼得/黑彼得.Cerny.Petr.1964.Milos.Forman.mkv	1	0	2
/Volumes/导演们/约翰·福特/麦凯警长	/Volumes/导演们/约翰·福特/麦凯警长/麦凯警长.Two.Rode.Together.1961.DVDRip.XviD.avi	2	0	0
/Volumes/导演们/约翰·卡萨维茨/明妮与莫斯科威兹	/Volumes/导演们/约翰·卡萨维茨/明妮与莫斯科威兹/明妮与莫斯科威兹.Minnie.and.Moskowitz.1971.DVDRip.XviD.AC3.mkv	1	0	0
/Volumes/导演们/阿彼察邦·韦拉斯哈古/恋爱症候群	/Volumes/导演们/阿彼察邦·韦拉斯哈古/恋爱症候群/恋爱症候群.Syndromes.And.A.Century.2006.DVDRip.XviD-AsiSter.mp4	3	0	0
/Volumes/导演们/阿彼察邦·韦拉斯哈古/祝福	/Volumes/导演们/阿彼察邦·韦拉斯哈古/祝福/祝福.Apichatpong.Weerasethakul.-.Sud.Sanaeha.(Blissfully.Yours).2002.(1).mkv	1	0	0
/Volumes/导演们/河濑直美/万华镜	/Volumes/导演们/河濑直美/万华镜/万华镜.Naomi.Kawase-Manguekyo.(.Kaleidoscope.).1999.mkv	1	0	0
/Volumes/导演们/河濑直美/太阳西斜	/Volumes/导演们/河濑直美/太阳西斜/太阳西斜.Naomi.Kawase-Hi.wa.Katabuki.(.Sun.on.the.Horizon.).1996.mkv	1	0	0
/Volumes/导演们/法斯宾德/卡斯特婆婆升天记	/Volumes/导演们/法斯宾德/卡斯特婆婆升天记/卡斯特婆婆升天记.Mutter.Kusters.Fahrt.zum.Himmel.1975.mkv	1	0	0
/Volumes/导演们/杰兹·斯科利莫夫斯基/情色	/Volumes/导演们/杰兹·斯科利莫夫斯基/情色/情色.Erotyk.1960.aka.Erotique.mkv	1	0	0
/Volumes/导演们/杰兹·斯科利莫夫斯基/栅栏	/Volumes/导演们/杰兹·斯科利莫夫斯基/栅栏/栅栏.Bariera.1966.mkv	1	0	0
/Volumes/导演们/杰兹·斯科利莫夫斯基/要钱还是要命	/Volumes/导演们/杰兹·斯科利莫夫斯基/要钱还是要命/要钱还是要命.Jerzy.Skolimowski.-.Pieniadze.albo.zycie.1961.chs.mkv	1	0	0
/Volumes/导演们/杰兹·斯科利莫夫斯基/轻取	/Volumes/导演们/杰兹·斯科利莫夫斯基/轻取/轻取.1965.Walkower.mkv	1	0	0
/Volumes/导演们/迈克·李/Nuts in May	/Volumes/导演们/迈克·李/Nuts in May/Nuts.In.May.1976.Dual.Audio.avi	1	0	0
/Volumes/导演们/萨姆·佩金帕/Junior Bonner	/Volumes/导演们/萨姆·佩金帕/Junior Bonner/Junior.Bonner.1972.DVDRip.XviD.mp4	1	0	0
/Volumes/导演们/萨姆·佩金帕/大车队	/Volumes/导演们/萨姆·佩金帕/大车队/大车队.Convoy.1978.DVDRip.XviD-MzPro.mp4	1	0	0
/Volumes/导演们/萨姆·佩金帕/杀手精英	/Volumes/导演们/萨姆·佩金帕/杀手精英/杀手精英.The.Killer.Elite.1975.DVDRip.XviD.mp4	1	0	0
/Volumes/导演们/施隆多夫/肉体的代价	/Volumes/导演们/施隆多夫/肉体的代价/嘉芙莲娜的故事.The.Lost.Honor.of.Katharina.Blum.1975.DivX3LM.mp4	5	0	0
/Volumes/导演们/斯蒂芬·乌赫尔/(1965)风琴 Organ	/Volumes/导演们/斯蒂芬·乌赫尔/(1965)风琴 Organ/风琴.Organ.1965.DVDRip.avi	1	0	2
/Volumes/导演们/斯蒂芬·乌赫尔/(1967)创造奇迹的女人	/Volumes/导演们/斯蒂芬·乌赫尔/(1967)创造奇迹的女人/非凡的处女Panna zazracnica.1967.DVDRip.X.avi	3	0	0
/Volumes/导演们/斯蒂芬·乌赫尔/(1972)我要是有了枪 Keby som mal pusku	/Volumes/导演们/斯蒂芬·乌赫尔/(1972)我要是有了枪 Keby som mal pusku/我要是有了枪.keby.som.mal-pusku.1971.dvdrip.xvid.ac3.sk.avi	3	0	0
/Volumes/导演们/斯蒂芬·乌赫尔/(1982)母女情深 She Kept Asking for the Moon	/Volumes/导演们/斯蒂芬·乌赫尔/(1982)母女情深 She Kept Asking for the Moon/母女情深.Pasla.kone.na.betone.1982.SK.by-skinet.avi	2	0	0
/Volumes/导演们/斯蒂芬·乌赫尔/网中的太阳	/Volumes/导演们/斯蒂芬·乌赫尔/网中的太阳/网中的太阳.Slnko.v.sieti.1962.avi	1	0	0
/Volumes/导演们/斯特劳布于勒夫妇/洛林	/Volumes/导演们/斯特劳布于勒夫妇/洛林/洛林.Danièle.Huillet.&.Jean-Marie.Straub.-.Lothringen!.1994.mkv	1	0	0
/Volumes/导演们/斯特劳布于勒夫妇/索福克勒斯的安提戈涅	/Volumes/导演们/斯特劳布于勒夫妇/索福克勒斯的安提戈涅/索福克勒斯的安提戈涅.Antigone.1992.Jean-Marie.Straub.Daniele.Huillet.Dvdrip.mkv	1	0	0
/Volumes/导演们/特伦斯·戴维斯/漫长的一天结束了	/Volumes/导演们/特伦斯·戴维斯/漫长的一天结束了/漫长的一天结束了.The.Long.Day.Closes.1992.WS.DVDRip.XViD.iNT-EwDp.NO-RAR.mkv	1	0	0
/Volumes/导演们/维拉·希蒂洛娃/(1970)天堂禁果 Ovoce stromu rajských jíme	/Volumes/导演们/维拉·希蒂洛娃/(1970)天堂禁果 Ovoce stromu rajských jíme/天堂禁果.Ovoce.stromu.rajskych.jime.1970.Fruit.of.paradise.avi	4	1	0
/Volumes/导演们/维拉·希蒂洛娃/(1979)预制板的故事 Panelstory aneb Jak se rodí sídliste	/Volumes/导演们/维拉·希蒂洛娃/(1979)预制板的故事 Panelstory aneb Jak se rodí sídliste/预制板的故事.Panelstory-aneb-Jak-se-rodí-sídliště-.1979.-czdub.avi	1	0	0
/Volumes/导演们/维拉·希蒂洛娃/(1993)Dedictví aneb Kurvahosigutntag	/Volumes/导演们/维拉·希蒂洛娃/(1993)Dedictví aneb Kurvahosigutntag/Dedictvi.aneb.Kurvahosigutntag.1992.avi	1	0	0
/Volumes/导演们/维拉·希蒂洛娃/愉快时刻	/Volumes/导演们/维拉·希蒂洛娃/愉快时刻/愉快时刻.Hezké.chvilky.bez.záruky.2006.avi	1	0	0
/Volumes/导演们/阿贝尔·冈斯/拿破仑	/Volumes/导演们/阿贝尔·冈斯/拿破仑/拿破仑.Napoleon.1927.Abel.Gance.Coppola.avi	2	0	0
/Volumes/导演们/贝拉·塔尔/旷野旅程	/Volumes/导演们/贝拉·塔尔/旷野旅程/旷野旅程.Journey.on.the.Plain.1995.mp4	2	0	0
/Volumes/导演们/贝特朗·布里叶/你不配她	/Volumes/导演们/贝特朗·布里叶/你不配她/你不配她.Trop.belle.pour.toi.1989.avi	1	0	0
/Volumes/导演们/贝特朗·布里叶/欲望街情人	/Volumes/导演们/贝特朗·布里叶/欲望街情人/欲望街情人.Mon.Homme.1996.DVDRip.XviD.mp4	1	0	0
/Volumes/导演们/贝特朗·布里叶/致命的女性	/Volumes/导演们/贝特朗·布里叶/致命的女性/致命的女性.Calmos.1976.DVDRip.XviD.avi	2	0	0
/Volumes/导演们/贝特朗·布里叶/远行他方	/Volumes/导演们/贝特朗·布里叶/远行他方/远行他方.Les.Valseuses.1974.FRENCH.DVDRip.mp4	1	0	0
/Volumes/导演们/波·维德伯格/今生今世	/Volumes/导演们/波·维德伯格/今生今世/今生今世.Elvira.Madigan.1967.DivX.AC3.mkv	1	0	2
/Volumes/导演们/波·维德伯格/满城风雨	/Volumes/导演们/波·维德伯格/满城风雨/满城风雨.Bo.Widerberg.-.Mannen.på.taket.1976.mkv	1	0	0
/Volumes/导演们/达米彦·奥图/死前戏	/Volumes/导演们/达米彦·奥图/死前戏/死前戏.En.Attendant.Le.Deluge.2004.FRENCH.DVDRiP.XviD-FeLiX.mkv	2	0	0
/Volumes/导演们/达米彦·奥图/理查德·奥的历史	/Volumes/导演们/达米彦·奥图/理查德·奥的历史/理查德·奥的历史.L.Histoire.de.Richard.O.2007.mkv	1	0	0
/Volumes/导演们/达米彦·奥图/致命的过错	/Volumes/导演们/达米彦·奥图/致命的过错/致命的过错.Errance.2003.DivX.DVDRip.700MB.mkv	1	0	0
/Volumes/导演们/法兰提塞·维拉席/(1962)魔鬼的陷阱 Dáblova past	/Volumes/导演们/法兰提塞·维拉席/(1962)魔鬼的陷阱 Dáblova past/魔鬼的陷阱.Dablova.past.1962.AC3.DVDRip.cz.avi	2	0	0
/Volumes/导演们/法兰提塞·维拉席/(1976)Dým bramborové nate	/Volumes/导演们/法兰提塞·维拉席/(1976)Dým bramborové nate/Dym.bramborove.nate.1976.avi	1	0	0
/Volumes/导演们/法兰提塞·维拉席/(1978)炎夏陰影 Stíny horkého léta	/Volumes/导演们/法兰提塞·维拉席/(1978)炎夏陰影 Stíny horkého léta/炎夏陰影.Stiny-horkeho-leta.1977.DVDRip-XviD-cz.avi	1	0	0
/Volumes/导演们/法兰提塞·维拉席/(1980)Koncert na konci léta	/Volumes/导演们/法兰提塞·维拉席/(1980)Koncert na konci léta/Koncert.na.konci.leta.1979.TV-rip.avi	1	0	0
/Volumes/导演们/法兰提塞·维拉席/(1984)Stín kapradiny	/Volumes/导演们/法兰提塞·维拉席/(1984)Stín kapradiny/Stin.kapradiny.1985.cesky-film.avi	1	0	0
/Volumes/导演们/菲利普·加瑞尔/处女的床	/Volumes/导演们/菲利普·加瑞尔/处女的床/处女的床.Le.lit.de.la.vierge.1969.mkv	1	0	0
/Volumes/导演们/菲利普·加瑞尔/我再也听不见吉他声	/Volumes/导演们/菲利普·加瑞尔/我再也听不见吉他声/我再也听不见吉他声.J.entends.Plus.La.Guitare.1991.DVDRip.XviD-MOC.mkv	1	0	0
/Volumes/导演们/菲利普·加瑞尔/自由，夜	/Volumes/导演们/菲利普·加瑞尔/自由，夜/自由，夜.Liberte.la.nuit.1984.avi	2	0	0
/Volumes/导演们/霍华德·霍克斯/疤面人	/Volumes/导演们/霍华德·霍克斯/疤面人/疤面人.Scarface.1932.avi	1	0	0
/Volumes/导演们/霍华德·霍克斯/育婴奇谭	/Volumes/导演们/霍华德·霍克斯/育婴奇谭/育婴奇谭.Bringing.Up.Baby.1938.iNTERNA.mp4	1	0	0
/Volumes/导演们/霍华德·霍克斯/逃亡	/Volumes/导演们/霍华德·霍克斯/逃亡/逃亡.To.Have.and.Have.Not.1944.DVDRip-FZB.mp4	1	0	0
/Volumes/导演们/莫尼切利/大战争	/Volumes/导演们/莫尼切利/大战争/大战争.La.grande.guerra.1959.cn.avi	3	0	0
/Volumes/导演们/筱田正浩/暗杀	/Volumes/导演们/筱田正浩/暗杀/暗杀.Ansatsu.1964.DVDrip.AC3.Jose.El.Luzu.Allzine.mkv	1	0	0
/Volumes/导演们/阿莱克斯·德拉·伊格来希亚/伤心小号曲	/Volumes/导演们/阿莱克斯·德拉·伊格来希亚/伤心小号曲/伤心小号曲.Balada.triste.de.trompeta.2010.BDRip.x264.AC3-Zoo.mkv	1	0	2
/Volumes/导演们/阿莱克斯·德拉·伊格来希亚/公共财产	/Volumes/导演们/阿莱克斯·德拉·伊格来希亚/公共财产/公共财产.La.Comunidad.2000.DVDRip.DivX3LM.mkv	1	0	0
/Volumes/导演们/阿莱克斯·德拉·伊格来希亚/婴儿房	/Volumes/导演们/阿莱克斯·德拉·伊格来希亚/婴儿房/婴儿房.The.Babys.Room.2006.DUBBED.DVDRip.XviD-FiCO.mkv	1	0	0
/Volumes/导演们/阿莱克斯·德拉·伊格来希亚/完美犯罪	/Volumes/导演们/阿莱克斯·德拉·伊格来希亚/完美犯罪/完美犯罪.Crimen.Ferpecto.2004.DVDRip.XviD-DXO.mkv	1	0	1
/Volumes/导演们/阿莱克斯·德拉·伊格来希亚/牛津杀手	/Volumes/导演们/阿莱克斯·德拉·伊格来希亚/牛津杀手/牛津杀手.The.Oxford.Murders.2008.BDRip.X264-TLF.mkv	2	0	0
/Volumes/导演们/阿莱克斯·德拉·伊格来希亚/美年达杀人狂	/Volumes/导演们/阿莱克斯·德拉·伊格来希亚/美年达杀人狂/美年达杀人狂.Mirindas.Asesinas.1991.DviX5-MP3.mkv	1	0	0
/Volumes/导演们/阿莱克斯·德拉·伊格来希亚/野兽之日	/Volumes/导演们/阿莱克斯·德拉·伊格来希亚/野兽之日/野兽之日.The.Day.of.the.Beast.1995.DVDRip.XviD-AGX.mkv	2	0	0
/Volumes/导演们/阿莱克斯·德拉·伊格来希亚/铁面战警	/Volumes/导演们/阿莱克斯·德拉·伊格来希亚/铁面战警/铁面战警.Acción.Mutante.1992.DVDRip.XviD.AC3-MCMLXXXVIII.avi	1	0	0
/Volumes/导演们/阿兰·卡瓦利埃/Le Filmeur	/Volumes/导演们/阿兰·卡瓦利埃/Le Filmeur/Le.Filmeur.2005.mkv	1	0	0
/Volumes/导演们/阿兰·卡瓦利埃/小岛上的决斗	/Volumes/导演们/阿兰·卡瓦利埃/小岛上的决斗/小岛上的决斗.Le.Combat.dans.l.ile.1962.mkv	1	0	0
/Volumes/导演们/阿兰·卡瓦利埃/狂乱	/Volumes/导演们/阿兰·卡瓦利埃/狂乱/狂乱.La.Chamade.1968.mkv	1	0	0
/Volumes/导演们/阿历克塞·巴拉巴诺夫/不疼	/Volumes/导演们/阿历克塞·巴拉巴诺夫/不疼/不疼.Mne.Ne.Bolno.(Aleksei.Balabanov).2006.avi	2	0	0
/Volumes/导演们/阿历克塞·巴拉巴诺夫/战俘计划	/Volumes/导演们/阿历克塞·巴拉巴诺夫/战俘计划/战俘计划.Voyna.2002.Dvdrip.Divx.Rus.Drivemad.mkv	6	0	0
/Volumes/导演们/阿历克塞·巴拉巴诺夫/河流	/Volumes/导演们/阿历克塞·巴拉巴诺夫/河流/河流.Reka.2002.Aleksei.Balabanov.mkv	1	0	0
/Volumes/导演们/阿历克塞·巴拉巴诺夫/锅炉工	/Volumes/导演们/阿历克塞·巴拉巴诺夫/锅炉工/锅炉工.Kochegar.2010.XviD.DVDRip.mkv	4	0	0
/Volumes/导演们/阿历克塞·巴拉巴诺夫/黑色海洛因	/Volumes/导演们/阿历克塞·巴拉巴诺夫/黑色海洛因/黑色海洛因.Blind.Mans.Bluff.2005.mkv	1	0	0
/Volumes/导演们/刘别谦/有声片/蓝胡子的第八任妻子	/Volumes/导演们/刘别谦/有声片/蓝胡子的第八任妻子/蓝胡子的第八任妻子.Bluebeards.Eighth.Wife.1938.FS.DVDRip.XviD.mkv	2	1	0
/Volumes/导演们/刘别谦/有声片/街角的商店	/Volumes/导演们/刘别谦/有声片/街角的商店/街角的商店.The.Shop.Around.The.Corner.1940.mkv	1	0	1
/Volumes/导演们/刘别谦/默片/罗密欧与朱丽叶	/Volumes/导演们/刘别谦/默片/罗密欧与朱丽叶/罗密欧与朱丽叶.Romeo.und.Julia.im.Schnee.1920.avi	2	0	0
/Volumes/导演们/梅尔维尔/可怕的孩子们	/Volumes/导演们/梅尔维尔/可怕的孩子们/可怕的孩子们.Les.Enfants.Terribles.1950.mkv	1	0	2
/Volumes/导演们/佩德罗·科斯塔/我们的人	/Volumes/导演们/佩德罗·科斯塔/我们的人/我们的人.O.Nosso.Homem.2010.avi	3	0	0
/Volumes/导演们/佩德罗·科斯塔/落入俗世	/Volumes/导演们/佩德罗·科斯塔/落入俗世/落入俗世.Casa.de.Lava.1995.DVDRip.XviD-Pedro.Costa.avi	1	0	0
/Volumes/导演们/朱拉·亚库比斯克/(1977)红十字的鼓手 Bubeník Cerveného kríza	/Volumes/导演们/朱拉·亚库比斯克/(1977)红十字的鼓手 Bubeník Cerveného kríza/红十字的鼓手.Bubenik.Cerveneho.kriza.1977.avi	2	0	0
/Volumes/导演们/朱拉·亚库比斯克/(1980)家屋的梦想 Postav dom, zasad strom	/Volumes/导演们/朱拉·亚库比斯克/(1980)家屋的梦想 Postav dom, zasad strom/家屋的梦想.Postav.dom.zasad.strom.1980.SCN.Title1.DVDRip.avi	2	0	0
/Volumes/导演们/朱拉·亚库比斯克/(2004)做爱后动物感伤 Post coitum	/Volumes/导演们/朱拉·亚库比斯克/(2004)做爱后动物感伤 Post coitum/做爱后动物感伤.Post.coitum.2004.DVD.Title1.DVDRip.avi	1	0	2
/Volumes/导演们/朱拉·亚库比斯克/关于世界末日的不明确报告	/Volumes/导演们/朱拉·亚库比斯克/关于世界末日的不明确报告/关于世界末日的不明确报告.Nejasna.zprava.o.konci.sveta.1997.NEJASNA.SPRAVA.O-01.avi	1	0	0
/Volumes/导演们/朱拉·亚库比斯克/诺娜和埃斯特	/Volumes/导演们/朱拉·亚库比斯克/诺娜和埃斯特/诺娜和埃斯特.Lepsie.Byt.Bohaty.A.Zdravy.Ako.Chudobny.A.Chory.1993.Juraj.Jakubisko.mkv	2	0	0
/Volumes/导演们/朱拉·亚库比斯克/至关紧要的岁月	/Volumes/导演们/朱拉·亚库比斯克/至关紧要的岁月/至关紧要的岁月.Kristove.roky.1967.avi	1	0	0
/Volumes/导演们/朱拉·亚库比斯克/小雀斑马克斯与幽灵们	/Volumes/导演们/朱拉·亚库比斯克/小雀斑马克斯与幽灵们/小雀斑马克斯与幽灵们.Pehavý.Max.a.strašidlá.1987.avi	1	0	0
/Volumes/导演们/安德烈·塔尔科夫斯基/今天不离去	/Volumes/导演们/安德烈·塔尔科夫斯基/今天不离去/今天不离去.Segodnya.Uvolneniya.Ne.Budet.1959.mp4	3	0	0
/Volumes/导演们/安德烈·塔尔科夫斯基/塔尔科夫斯基《岛》	/Volumes/导演们/安德烈·塔尔科夫斯基/塔尔科夫斯基《岛》/岛.Andrei.Tarkovsky.Sergei.Parajanov.-.Islands.chs.mp4	2	0	0
/Volumes/导演们/奥德里奇·利普斯基/(1972)Slamený klobouk	/Volumes/导演们/奥德里奇·利普斯基/(1972)Slamený klobouk/Slameny.klobouk.1972.avi	1	0	0
/Volumes/导演们/奥德里奇·利普斯基/(1974)Jáchyme, hod ho do stroje!	/Volumes/导演们/奥德里奇·利普斯基/(1974)Jáchyme, hod ho do stroje!/Jachyme.hod.ho.do.stroje.1974.dvdrip.xvid.cz-ups.avi	1	0	0
/Volumes/导演们/奥德里奇·利普斯基/(1976)Marecku, podejte mi pero!	/Volumes/导演们/奥德里奇·利普斯基/(1976)Marecku, podejte mi pero!/Marecku.podejte.mi.pero.1976.DVDRip.cz.avi	1	0	0
/Volumes/导演们/奥德里奇·利普斯基/(1977)幽灵万岁 At zijí duchové	/Volumes/导演们/奥德里奇·利普斯基/(1977)幽灵万岁 At zijí duchové/幽灵万岁.At-ziji-duchove-.1977.arc.avi	1	0	0
/Volumes/导演们/奥德里奇·利普斯基/(1983)Srdecny pozdrav ze zemekoule	/Volumes/导演们/奥德里奇·利普斯基/(1983)Srdecny pozdrav ze zemekoule/Srdecny.pozdrav.ze.zemekoule.1982.DVD-rip.avi	1	0	0
/Volumes/导演们/奥德里奇·利普斯基/干掉四个就够了啊.亲	/Volumes/导演们/奥德里奇·利普斯基/干掉四个就够了啊.亲/干掉四个就够了啊.亲.Ctyri.vrazdy.staci.drahousku.1970.avi	1	0	0
/Volumes/导演们/奥德里奇·利普斯基/绅士们.我把爱因斯坦给宰掉了哦	/Volumes/导演们/奥德里奇·利普斯基/绅士们.我把爱因斯坦给宰掉了哦/绅士们.我把爱因斯坦给宰掉了哦.Zabil.jsem.Einsteina.panove.1970.avi	1	0	0
/Volumes/导演们/奥德里奇·利普斯基/点心	/Volumes/导演们/奥德里奇·利普斯基/点心/点心.Adéla.jeste.nevecerela.1978.avi	1	0	0
/Volumes/导演们/奥德里奇·利普斯基/奇幻古堡之谜	/Volumes/导演们/奥德里奇·利普斯基/奇幻古堡之谜/奇幻古堡之谜.Tajemství.hradu.v.Karpatech.1981.avi	1	0	0
/Volumes/导演们/今村昌平/无穷的欲望	/Volumes/导演们/今村昌平/无穷的欲望/无穷的欲望.Hateshinaki.yokubo.-.Shohei.Imamura.1958.avi	1	0	2
/Volumes/导演们/今村昌平/被盗的欲望	/Volumes/导演们/今村昌平/被盗的欲望/被盗的欲望.Stolen.Desire.1958.mp4	1	0	0
/Volumes/导演们/克林特·伊斯特伍德/荒野浪子(英字)	/Volumes/导演们/克林特·伊斯特伍德/荒野浪子(英字)/High Plains Drifter.avi	1	0	0
/Volumes/导演们/山田洋次/母亲	/Volumes/导演们/山田洋次/母亲/母亲.Kabei.Our.Mother.2008.DVDRip.XviD-CoWR.mp4	2	0	0
/Volumes/导演们/斯坦利·库布里克/飞翔的牧师	/Volumes/导演们/斯坦利·库布里克/飞翔的牧师/飞翔的牧师.Flying.Padre.1951.avi	2	0	0
/Volumes/导演们/熊切和嘉/天线	/Volumes/导演们/熊切和嘉/天线/天线.Antenna.2003.dvdrip.xvid-promise.mkv	1	0	0
/Volumes/导演们/亚历山大·索科洛夫/Aleksandr Sokurov - Peterburgskaya elegiya (1989)	/Volumes/导演们/亚历山大·索科洛夫/Aleksandr Sokurov - Peterburgskaya elegiya (1989)/Peterburgskaya.Elegiya.1989.Aleksandr.Sokurov.avi	1	0	0
/Volumes/导演们/亚历山大·索科洛夫/Aleksandr Sokurov - Samye Zemnye Zaboty aka Le Piú Terrene Occupazione (1974)	/Volumes/导演们/亚历山大·索科洛夫/Aleksandr Sokurov - Samye Zemnye Zaboty aka Le Piú Terrene Occupazione (1974)/Samye.Zemnye.Zaboty.1974.Alexander.Sokurov.avi	1	0	0
/Volumes/导演们/亚历山大·索科洛夫/悲戚的冷漠	/Volumes/导演们/亚历山大·索科洛夫/悲戚的冷漠/悲戚的冷漠.Skorbnoye.beschuvstviye.1987.avi	2	1	0
/Volumes/导演们/亚历山大·索科洛夫/苏联挽歌	/Volumes/导演们/亚历山大·索科洛夫/苏联挽歌/Soviet Elegy.avi	2	2	0
/Volumes/导演们/朱尔斯·达辛/黑地狱	/Volumes/导演们/朱尔斯·达辛/黑地狱/黑地狱.Night.and.the.City.1950.DVDRip.avi	1	0	0
/Volumes/导演们/朱尔斯·达辛/男人的斗争	/Volumes/导演们/朱尔斯·达辛/男人的斗争/男人的斗争.Rififi.1955.CC.BDRip.X264.iNT-TLF.mkv	2	0	0
/Volumes/导演们/沟口建二/名刀美女丸	/Volumes/导演们/沟口建二/名刀美女丸/名刀美女丸.Meito.bijomaru.1945.Kenji.Mizoguchi.mkv	1	0	2
/Volumes/导演们/沟口建二/女優須磨子の恋	/Volumes/导演们/沟口建二/女優須磨子の恋/女優須磨子の恋.The.Love.of.Sumako.the.Actress.1947.mkv	1	0	0
/Volumes/导演们/沟口建二/折纸鹤的阿千	/Volumes/导演们/沟口建二/折纸鹤的阿千/折纸鹤的阿千.Orizuru.Osen.1935.mkv	1	0	0
/Volumes/导演们/沟口建二/武蔵野夫人	/Volumes/导演们/沟口建二/武蔵野夫人/武蔵野夫人.Lady.Musashino.1951.mkv	2	0	0
/Volumes/导演们/沟口建二/谣言的女人	/Volumes/导演们/沟口建二/谣言的女人/谣言的女人.Uwasa.no.onna.1954.mkv	1	0	2
/Volumes/导演们/卡尔·卡切纳/(1960)男孩 Prace	/Volumes/导演们/卡尔·卡切纳/(1960)男孩 Prace/男孩.Práče.1960.-DVD.Thyronx.2.avi	1	0	0
/Volumes/导演们/卡尔·卡切纳/(1986)小鹿之死 Smrt krásnych srncu	/Volumes/导演们/卡尔·卡切纳/(1986)小鹿之死 Smrt krásnych srncu/小鹿之死.Smrt-krásných-srnců-.1986.-CZ.avi	1	0	0
/Volumes/导演们/卡尔·卡切纳/(1994)母牛 Krava	/Volumes/导演们/卡尔·卡切纳/(1994)母牛 Krava/母牛.Krava.1994.DVDrip.RbB.avi	2	0	0
/Volumes/导演们/卡尔·卡切纳/(1999)Hanele	/Volumes/导演们/卡尔·卡切纳/(1999)Hanele/Hanele.1999.český-film.avi	1	0	0
/Volumes/导演们/卡尔·卡切纳/维也纳快车	/Volumes/导演们/卡尔·卡切纳/维也纳快车/维也纳快车.Kocar+do+Vidne+.1966.XVID-KG.avi	2	0	0
/Volumes/导演们/卡尔·西奥多·德莱叶/吸血鬼	/Volumes/导演们/卡尔·西奥多·德莱叶/吸血鬼/吸血鬼.Vampyr.1932.iNT.CRiTERiON.DVDRip.XviD-FLS.mp4	1	0	0
/Volumes/导演们/卡尔·西奥多·德莱叶/撒旦日记	/Volumes/导演们/卡尔·西奥多·德莱叶/撒旦日记/撒旦日记.Blade.af.Satans.Bog.1920.avi	1	0	0
/Volumes/导演们/卡尔·西奥多·德莱叶/标号人	/Volumes/导演们/卡尔·西奥多·德莱叶/标号人/标号人.Die.Gezeichneten.1922.mp4	1	0	0
/Volumes/导演们/卡尔·西奥多·德莱叶/玛格丽特夫人的第四次婚姻	/Volumes/导演们/卡尔·西奥多·德莱叶/玛格丽特夫人的第四次婚姻/玛格丽特夫人的第四次婚姻.The.Parsons.Widow.1920.mp4	2	0	0
/Volumes/导演们/卡尔·西奥多·德莱叶/葛罗达的新娘	/Volumes/导演们/卡尔·西奥多·德莱叶/葛罗达的新娘/葛罗达的新娘.Glomdalsbruden.(CT.Dreyer.1926.-.70min.Eng.XviD).CiNEMAGROTESQUE.mp4	2	0	0
/Volumes/导演们/卡洛斯·绍拉/卡门	/Volumes/导演们/卡洛斯·绍拉/卡门/卡门.Carmen.1983.By.ShineTu.avi	1	0	0
/Volumes/导演们/卡洛斯·绍拉/妈妈一百岁	/Volumes/导演们/卡洛斯·绍拉/妈妈一百岁/妈妈一百岁.mama.cumple.cien.anos.1979.mkv	1	0	0
/Volumes/导演们/卡洛斯·绍拉/小鸟	/Volumes/导演们/卡洛斯·绍拉/小鸟/小鸟.Pajarico.1997.Carlos.Saura.Spain.Dvd.Rip.By.Arky.avi	2	0	0
/Volumes/导演们/卡洛斯·绍拉/弗拉门戈	/Volumes/导演们/卡洛斯·绍拉/弗拉门戈/弗拉门戈.Flamenco.1995.Carlos.Saura.mp4	1	0	0
/Volumes/导演们/卡洛斯·绍拉/极乐花园	/Volumes/导演们/卡洛斯·绍拉/极乐花园/极乐花园.El.Jardin.de.las.Delicias.1970.mp4	3	0	0
/Volumes/导演们/卡洛斯·绍拉/狩猎	/Volumes/导演们/卡洛斯·绍拉/狩猎/狩猎.La.Caza.卡洛斯·绍拉.1966.mp4	3	0	0
/Volumes/导演们/卡洛斯·绍拉/薄荷刨冰	/Volumes/导演们/卡洛斯·绍拉/薄荷刨冰/薄荷刨冰.Peppermint.Frappe.1967.mkv	2	0	0
/Volumes/导演们/柯内流·波蓝波宇/布加勒斯特东12点8分	/Volumes/导演们/柯内流·波蓝波宇/布加勒斯特东12点8分/布加勒斯特东12点8分.1208.East.of.Bucharest.2007.1080p.NF.WEB-DL.DDP2.0.x264-TEPES.mkv	1	0	0
/Volumes/导演们/柯内流·波蓝波宇/警察.形容词	/Volumes/导演们/柯内流·波蓝波宇/警察.形容词/警察.形容词.Politist.Adjectiv.2009.DVDRip.x264-mafalda.mkv	1	0	0
/Volumes/导演们/拉莉萨·舍皮琴科/你和我	/Volumes/导演们/拉莉萨·舍皮琴科/你和我/Ty.i.ja.1972.DVDRip.avi	5	0	0
/Volumes/导演们/朴赞郁/斯托克	/Volumes/导演们/朴赞郁/斯托克/斯托克.Stoker.2013.BluRay.720p.MNHD-FRDS.mkv	1	0	0
/Volumes/导演们/朴赞郁/我要复仇	/Volumes/导演们/朴赞郁/我要复仇/我要复仇.Sympathy.For.Mr.Vengeance.2002.BDRip.X264.iNT-TLF.mkv	1	0	0
/Volumes/导演们/三池崇史/新仁义的墓场	/Volumes/导演们/三池崇史/新仁义的墓场/新仁义的墓场.Takashi.Miike.s.Graveyard.of.Honour.(Shin.jingi.no.hakaba.).2002.Divx.Jap.mp4	1	0	0
/Volumes/导演们/园子温/うつしみ	/Volumes/导演们/园子温/うつしみ/2000 - Utushimi [Sono Shion].avi	1	0	0
/Volumes/导演们/园子温/神秘马戏团	/Volumes/导演们/园子温/神秘马戏团/神秘马戏团.Strange.Circus.2005.avi	1	0	0
/Volumes/导演们/安东尼奥尼/奥伯瓦尔德的秘密	/Volumes/导演们/安东尼奥尼/奥伯瓦尔德的秘密/奥伯瓦尔德的秘密.Il.Mistero.di.Oberwald.1980.Michelangelo.Antonioni.DVDRip.DivXClasico.avi	2	0	0
/Volumes/导演们/弗雷德里克·怀斯曼/疯马歌舞秀	/Volumes/导演们/弗雷德里克·怀斯曼/疯马歌舞秀/疯马歌舞秀.Crazy.Horse.2011.avi	1	0	0
/Volumes/导演们/冈本喜八/啊~炸弹！	/Volumes/导演们/冈本喜八/啊~炸弹！/啊~炸弹！.Aa.Bakudan.1964.DVDRip.XviD-MOC.mp4	2	0	0
/Volumes/导演们/冈本喜八/替人报仇的助六	/Volumes/导演们/冈本喜八/替人报仇的助六/替人报仇的助六.Vengeance.For.Sale.2001.DVDRip.XviD-UBiK.mkv	1	0	0
/Volumes/导演们/冈本喜八/江分利満氏	/Volumes/导演们/冈本喜八/江分利満氏/江分利満氏の優雅な生活The.Elegant.Life.of.Mr.Everyman.1963.DVDRip.AC3.XviD-MDCOrient.mkv	1	0	0
/Volumes/导演们/木下惠介/野菊之墓	/Volumes/导演们/木下惠介/野菊之墓/野菊之墓.She.Was.Like.a.Wild.Chrysanthemum.1955.avi	2	0	0
/Volumes/导演们/亚历桑德罗·佐杜洛夫斯基/鼹鼠	/Volumes/导演们/亚历桑德罗·佐杜洛夫斯基/鼹鼠/El Topo.avi	9	1	0
/Volumes/导演们/扬·内梅克/一个都不能走	/Volumes/导演们/扬·内梅克/一个都不能走/一个都不能走.Demanty.noci.1964.avi	2	1	0
/Volumes/导演们/扬·内梅克/变形记	/Volumes/导演们/扬·内梅克/变形记/变形记.Franz.Kafka.Die.Verwandlung.TV-Rip.3sat.18.10.2004.avi	2	0	0
/Volumes/导演们/原一男/全身小说家	/Volumes/导演们/原一男/全身小说家/全身小说家.dedicated.life.1994.avi	2	0	0
/Volumes/导演们/奥塔·埃索里亚尼/于是有了光	/Volumes/导演们/奥塔·埃索里亚尼/于是有了光/于是有了光.Et.la.lumiere.fut.1989.avi	2	0	0
/Volumes/导演们/奥塔·埃索里亚尼/田园牧歌	/Volumes/导演们/奥塔·埃索里亚尼/田园牧歌/田园牧歌.Otar.Iosseliani-Pastorali.1975.mp4	2	0	2
/Volumes/导演们/奥逊·威尔斯/午夜钟声(英字)	/Volumes/导演们/奥逊·威尔斯/午夜钟声(英字)/午夜钟声.Welles.Orson.-.1965.-.Campanadas.a.medianoche.mkv	1	0	0
/Volumes/导演们/奥逊·威尔斯/审判	/Volumes/导演们/奥逊·威尔斯/审判/审判.Orson.Welles.-.The.Trial.1962.DVDRip.(SiRiUs.sHaRe).mp4	1	0	0
/Volumes/导演们/巴德·伯蒂彻/七寇伏尸记	/Volumes/导演们/巴德·伯蒂彻/七寇伏尸记/七寇伏尸记.Seven.Men.from.Now.1956.mp4	3	0	0
/Volumes/导演们/巴德·伯蒂彻/单格屠龙	/Volumes/导演们/巴德·伯蒂彻/单格屠龙/单格屠龙.ride.lonesome.1959.dvdrip.xvid.fragment.chs.mp4	1	0	0
/Volumes/导演们/巴德·伯蒂彻/单骑血战	/Volumes/导演们/巴德·伯蒂彻/单骑血战/单骑血战.buchanan.rides.alone.1958.dvdrip.xvid.fragment.chs.mp4	1	0	0
/Volumes/导演们/巴德·伯蒂彻/大写T	/Volumes/导演们/巴德·伯蒂彻/大写T/大写的Tthe.tall.t.1957.dvdrip.xvid.fragment.chs.mp4	1	0	0
/Volumes/导演们/巴德·伯蒂彻/暮色中的决断	/Volumes/导演们/巴德·伯蒂彻/暮色中的决断/暮色中的决断.decision.at.sundown.1957.dvdrip.xvid.fragment.chs.mp4	1	0	0
/Volumes/导演们/巴德·伯蒂彻/蛮山野侠	/Volumes/导演们/巴德·伯蒂彻/蛮山野侠/蛮山野侠.comanche.station.1960.dvdrip.xvid.fragment.chs.mp4	1	0	0
/Volumes/导演们/彼得·格林纳威/动物园	/Volumes/导演们/彼得·格林纳威/动物园/动物园.A.Zed.and.Two.Noughts.1985.mp4	3	0	0
/Volumes/导演们/布莱恩·德·帕尔玛/危情羔羊	/Volumes/导演们/布莱恩·德·帕尔玛/危情羔羊/危情羔羊.Raising.Cain.1992.DVDRiP.XviD-Grand.mkv	1	0	0
/Volumes/导演们/布莱恩·德·帕尔玛/嗨，妈妈	/Volumes/导演们/布莱恩·德·帕尔玛/嗨，妈妈/嗨，妈妈.Hi.Mom.1970.WS.DVDRip.XviD-FRAGMENT.mkv	1	0	0
/Volumes/导演们/布莱恩·德·帕尔玛/愤怒	/Volumes/导演们/布莱恩·德·帕尔玛/愤怒/魔血.The.Fury.1978.DVDRip.XviD-Smokey888.tehPARADOX.com.avi	1	0	0
/Volumes/导演们/布莱恩·德·帕尔玛/替身	/Volumes/导演们/布莱恩·德·帕尔玛/替身/粉红色杀人夜.Body.Double.1984.DVDRip.XviD-4P2P.avi	2	0	0
/Volumes/导演们/布莱恩·德·帕尔玛/迷情记	/Volumes/导演们/布莱恩·德·帕尔玛/迷情记/迷情记.Obsession.1976.DVDRip.x264.DD5.1-OP.mkv	1	0	0
/Volumes/导演们/成濑巳喜男/幸福生活	/Volumes/导演们/成濑巳喜男/幸福生活/幸福生活.Tanoshiki.kana.jinsei.This.Happy.Life.1944.Mikio.Naruse.mkv	2	0	0
/Volumes/导演们/杜拉斯/塞扎里/塞扎里	/Volumes/导演们/杜拉斯/塞扎里/塞扎里/Cesaree.avi	1	0	0
/Volumes/导演们/杜拉斯/毁灭吧，她说	/Volumes/导演们/杜拉斯/毁灭吧，她说/Marguerite.Duras-Detruire.dit-elle.aka.Destroy.She.Said.1969-SMz.avi	2	0	0
/Volumes/导演们/杜桑·哈那克/(1969)322	/Volumes/导演们/杜桑·哈那克/(1969)322/322.1969.dvdrip.sk.avi	1	0	2
/Volumes/导演们/杜桑·哈那克/(1972)旧世界群像 Obrazy starého sveta	/Volumes/导演们/杜桑·哈那克/(1972)旧世界群像 Obrazy starého sveta/旧世界群像.Pictures.Of.The.Old.World.1972.DVDRip.XviD-WRD.avi	1	0	0
/Volumes/导演们/杜桑·哈那克/纸人头	/Volumes/导演们/杜桑·哈那克/纸人头/纸人头.Papierove.hlavy.1995.avi	1	0	0
/Volumes/导演们/阿尔弗雷德·希区柯克/三十九级台阶	/Volumes/导演们/阿尔弗雷德·希区柯克/三十九级台阶/三十九级台阶.The.39.Steps.1935.DVDrip.XviD.AC3.iNT-alaundo.avi	1	0	0
/Volumes/导演们/雷内·克莱尔/巴黎屋檐下	/Volumes/导演们/雷内·克莱尔/巴黎屋檐下/巴黎屋檐下.Sous.les.toits.de.Paris.1930.DVDRip.XviD-iMBT.mp4	3	0	0
/Volumes/导演们/雷内·克莱尔/意大利草帽	/Volumes/导演们/雷内·克莱尔/意大利草帽/意大利草帽.Un.chapeau.de.paille.dItalie.1928.avi	2	0	0
/Volumes/导演们/雷内·克莱尔/新奥尔良之光	/Volumes/导演们/雷内·克莱尔/新奥尔良之光/新奥尔良之光.The Flame of New Orleans (1941) Marlene Dietrich Eng.avi	1	0	0
/Volumes/导演们/迈克尔·鲍威尔/沙滩上的夏娃	/Volumes/导演们/迈克尔·鲍威尔/沙滩上的夏娃/沙滩上的夏娃.Age.of.Consent.1969.Director's.Cut.BluRay.720p.x264.AC3.iNT-TLF.mkv	1	0	0
/Volumes/导演们/达伦·阿伦诺夫斯基/π	/Volumes/导演们/达伦·阿伦诺夫斯基/π/死亡密码.pi.1998.DVDRip.XviD.avi	1	0	0
/Volumes/导演们/达伦·阿伦诺夫斯基/没时间	/Volumes/导演们/达伦·阿伦诺夫斯基/没时间/No.Time.1994.没时间.540x360.VP9-DMR.mkv	1	0	0
/Volumes/导演们/安德列·泰西内/岁月无情	/Volumes/导演们/安德列·泰西内/岁月无情/岁月无情 Time Without Pity (1957).avi	1	0	0
/Volumes/导演们/亨利·乔治·克鲁佐/侦探	/Volumes/导演们/亨利·乔治·克鲁佐/侦探/侦探.Les.espions.1957.mp4	1	0	0
/Volumes/导演们/吉田喜重/暴風漢子	/Volumes/导演们/吉田喜重/暴風漢子/暴風漢子.18.Roughs.1963.avi	2	0	0
/Volumes/导演们/吉田喜重/炎与女	/Volumes/导演们/吉田喜重/炎与女/炎与女.Flame.And.Women.1967.DVDRip.XviD-MOC.mp4	3	0	0
/Volumes/导演们/吉田喜重/血的饥渴	/Volumes/导演们/吉田喜重/血的饥渴/血的饥渴.Blood.Is.Dry.1960.DVDRip.XviD-MOC.mp4	2	0	0
/Volumes/导演们/市川昆/恶魔拍球之歌	/Volumes/导演们/市川昆/恶魔拍球之歌/恶魔拍球之歌.Rhyme.Of.Vengeance.1977.DVDRip.XviD-MNAUCE.mp4	1	0	0
/Volumes/导演们/小林正树/在我冒险的日	/Volumes/导演们/小林正树/在我冒险的日/在我冒险的日.Inn.of.Evil.1971.Masaki.Kobayashi.DVDrip.Jose.El.Luzu.mkv	1	0	0
/Volumes/导演们/伊利亚·卡赞/美国美国(英字)	/Volumes/导演们/伊利亚·卡赞/美国美国(英字)/America America.avi	1	0	0
/Volumes/导演们/阿列克谢·日尔曼/哈鲁斯坦洛夫.开车	/Volumes/导演们/阿列克谢·日尔曼/哈鲁斯坦洛夫.开车/哈鲁斯坦洛夫.开车！.Khrustalyov.My.Car.1998.苏联.Aleksei.German.avi	2	0	0
/Volumes/导演们/阿列克谢·日尔曼/我的朋友伊万·拉布辛	/Volumes/导演们/阿列克谢·日尔曼/我的朋友伊万·拉布辛/我的朋友伊万·拉布辛.My.Friend.Ivan.Lapshin.1984.苏联.Aleksei.German.avi	1	0	0
/Volumes/导演们/阿列克谢·日尔曼/没有战争的二十天	/Volumes/导演们/阿列克谢·日尔曼/没有战争的二十天/没有战争的二十天.Twenty.Days.Without.War.1976.苏联.Aleksei.German.avi	1	0	0
/Volumes/导演们/阿列克谢·日尔曼/路上的检查	/Volumes/导演们/阿列克谢·日尔曼/路上的检查/路上的检查.Trial.of.the.Road.1971.苏联.Aleksei.German.avi	2	0	0
/Volumes/导演们/阿列克谢·日尔曼/第七個同行者	/Volumes/导演们/阿列克谢·日尔曼/第七個同行者/第七個同行者.The.Seventh.Companion.1968.苏联.Aleksei.German.avi	1	0	0
/Volumes/导演们/贾法·帕纳西/越位	/Volumes/导演们/贾法·帕纳西/越位/越位.Offside.2006.LIMITED.DVDRip.XviD-MESS.mp4	1	0	0
/Volumes/导演们/贾法·帕纳西/这不是一部电影	/Volumes/导演们/贾法·帕纳西/这不是一部电影/这不是一部电影.This.Is.Not.a.Film.2011.avi	1	0	0
/Volumes/导演们/西德尼·吕美特/大审判	/Volumes/导演们/西德尼·吕美特/大审判/大审判.The.Verdict.1982.DVDRip.x264.mkv	2	0	0
/Volumes/导演们/西德尼·吕美特/奇幻核子战	/Volumes/导演们/西德尼·吕美特/奇幻核子战/奇幻核子战.Fail.Safe.1964.DVDRip-hector.mkv	2	0	0
/Volumes/导演们/西德尼·吕美特/恋马狂	/Volumes/导演们/西德尼·吕美特/恋马狂/恋马狂.Equus.1977.DVDRip.x264.mkv	1	0	0
/Volumes/导演们/西德尼·吕美特/死亡计中计	/Volumes/导演们/西德尼·吕美特/死亡计中计/死亡计中计.Deathtrap.1982.mkv	1	0	0
/Volumes/导演们/西德尼·吕美特/突击者	/Volumes/导演们/西德尼·吕美特/突击者/突击者.Sidney.Lumet.1972.The.Offence.mkv	2	0	0
/Volumes/导演们/谢尔盖·爱森斯坦/石头上的花	/Volumes/导演们/谢尔盖·爱森斯坦/石头上的花/石头上的花.Tsvetok.na.kamne.1962.mkv	1	0	0
/Volumes/导演们/杨·史云梅耶/幸存的生命(理论与实践)[www.surrealmoviez.info]	/Volumes/导演们/杨·史云梅耶/幸存的生命(理论与实践)[www.surrealmoviez.info]/幸存的生命理论与实践.Prezit.svuj.zivot.2010.PROPER.DVDRip.XviD-SCHWEiK.avi	3	0	0
/Volumes/导演们/耶尔齐·霍夫曼/火与剑	/Volumes/导演们/耶尔齐·霍夫曼/火与剑/火与剑.Ogniem.i.mieczem.1999.avi	2	0	4
/Volumes/导演们/耶尔齐·卡瓦莱罗维奇/【百度贴吧经典电影吧整理收集】你往何处去 Quo Vadis (2001)	/Volumes/导演们/耶尔齐·卡瓦莱罗维奇/【百度贴吧经典电影吧整理收集】你往何处去 Quo Vadis (2001)/你往何处去.Quo.Vadis.2001.DVDRip.XviD.ac3.All.Films.RG.avi	1	0	0
/Volumes/导演们/耶尔齐·卡瓦莱罗维奇/【百度贴吧经典电影吧整理收集】夜车 Pociąg (1959)	/Volumes/导演们/耶尔齐·卡瓦莱罗维奇/【百度贴吧经典电影吧整理收集】夜车 Pociąg (1959)/夜车.Pociag.1959.DVDRip.XviD-MOC.avi	2	0	2
/Volumes/导演们/耶尔齐·卡瓦莱罗维奇/【百度贴吧经典电影吧整理收集】影子 Cien (1956)	/Volumes/导演们/耶尔齐·卡瓦莱罗维奇/【百度贴吧经典电影吧整理收集】影子 Cien (1956)/百度贴吧经典电影吧整理收集.影子.Cien.1956.mp4	3	0	0
/Volumes/导演们/约瑟夫·罗西/M	/Volumes/导演们/约瑟夫·罗西/M/M.1951.mkv	1	0	0
/Volumes/导演们/约瑟夫·罗西/TheProwler	/Volumes/导演们/约瑟夫·罗西/TheProwler/The.Prowler.1951.DVDRip.XviD.avi	1	0	0
/Volumes/导演们/约瑟夫·罗西/刺杀托洛茨基	/Volumes/导演们/约瑟夫·罗西/刺杀托洛茨基/刺杀托洛茨基.The.Assassination.of.Trotsky.1972.mkv	1	0	0
/Volumes/导演们/约瑟夫·罗西/博命	/Volumes/导演们/约瑟夫·罗西/博命/博命.These.Are.the.Damned.1963.mkv	1	0	0
/Volumes/导演们/约瑟夫·罗西/幽情密使/幽情密使双音轨	/Volumes/导演们/约瑟夫·罗西/幽情密使/幽情密使双音轨/幽情密使The.Go.Between.1970.HDRip.push.avi	1	0	0
/Volumes/导演们/约瑟夫·罗西/景中人	/Volumes/导演们/约瑟夫·罗西/景中人/景中人.Figures.in.a.Landscape.1970.mkv	1	0	0
/Volumes/导演们/约瑟夫·罗西/沧海孤女恨	/Volumes/导演们/约瑟夫·罗西/沧海孤女恨/沧海孤女恨.Secret.Ceremony.1968.mkv	1	0	0
/Volumes/导演们/约瑟夫·罗西/涛海春晓	/Volumes/导演们/约瑟夫·罗西/涛海春晓/涛海春晓.Boom.1968.mkv	1	0	0
/Volumes/导演们/约瑟夫·罗西/绿发男孩	/Volumes/导演们/约瑟夫·罗西/绿发男孩/绿发男孩.The.Boy.with.Green.Hair.1948.mkv	1	0	0
/Volumes/导演们/艾伦·帕克/午夜快车	/Volumes/导演们/艾伦·帕克/午夜快车/午夜快车.Midnight.Express.1978.BDRip.X264.iNT-TLF.mkv	3	0	0
/Volumes/导演们/艾伦·帕克/贝隆夫人	/Volumes/导演们/艾伦·帕克/贝隆夫人/贝隆夫人.Evita.1996.15th.BDRip.X264-YXY.mkv	1	0	0
/Volumes/导演们/拉杜·裘德/喝彩	/Volumes/导演们/拉杜·裘德/喝彩/喝彩.Aferim.2015.BDRip.X264.iNT-TLF.mkv	2	0	1
/Volumes/导演们/阿巴斯/过客	/Volumes/导演们/阿巴斯/过客/过客.Mossafer.1974.mp4	1	0	0
/Volumes/导演们/阿伦·雷乃/严禁嘴对嘴	/Volumes/导演们/阿伦·雷乃/严禁嘴对嘴/严禁嘴对嘴.Pas.sur.la.bouche.2003.FRENCH.DVDRip.XVID-EVASiON.mkv	1	0	0
/Volumes/导演们/阿伦·雷乃/史塔维斯基	/Volumes/导演们/阿伦·雷乃/史塔维斯基/史塔维斯基.Stavisky.1974.Alain.Resnais.mkv	2	0	0
/Volumes/导演们/阿伦·雷乃/天意	/Volumes/导演们/阿伦·雷乃/天意/天意.Providence.1977.mkv	1	0	0
/Volumes/导演们/阿伦·雷乃/生命是部小说	/Volumes/导演们/阿伦·雷乃/生命是部小说/生命是部小说.1983.La.vie.est.un.roman.mkv	1	0	0
/Volumes/导演们/阿伦·雷乃/雕像也会死亡(英字)	/Volumes/导演们/阿伦·雷乃/雕像也会死亡(英字)/雕像也会死亡.Les.Statues.Meurent.Aussi.1953.mkv	1	0	0
/Volumes/导演们/英格玛·伯格曼/刺激	/Volumes/导演们/英格玛·伯格曼/刺激/刺激.Stimulantia.1967.VHSRiP.Xvid.mkv	1	0	0
/Volumes/导演们/英格玛·伯格曼/映画创造者	/Volumes/导演们/英格玛·伯格曼/映画创造者/映画创造者.Bildmakarna.2000.Ingmar.Bergman.mkv	1	0	0
/Volumes/导演们/英格玛·伯格曼/被祝福那个	/Volumes/导演们/英格玛·伯格曼/被祝福那个/De.tva.saliga ףǸ.1986.MKO.VHSRip.Xvid.avi	1	0	0
/Volumes/导演们/费德里科·费里尼/卖艺春秋	/Volumes/导演们/费德里科·费里尼/卖艺春秋/卖艺春秋.Variety.Lights.1950.CC.BluRay.1080p.x265.10bit.AC3.iNT-TLF.mkv	1	0	0
/Volumes/导演们/南尼·莫莱蒂/凯门鳄	/Volumes/导演们/南尼·莫莱蒂/凯门鳄/凯门鳄.The.Caiman.2006.576p.WEB-DL.H264-FW.mkv	1	0	0
/Volumes/导演们/沃纳·赫尔佐格/乌代布尔王公的古怪私人院	/Volumes/导演们/沃纳·赫尔佐格/乌代布尔王公的古怪私人院/乌代布尔王公的古怪私人院.Jag.Mandir.1991.Werner.Herzog.mkv	2	0	0
/Volumes/导演们/沃纳·赫尔佐格/在世界尽头相遇	/Volumes/导演们/沃纳·赫尔佐格/在世界尽头相遇/在世界尽头相遇.Encounters.At.The.End.Of.The.World.2007.mkv	4	0	0
/Volumes/导演们/沃纳·赫尔佐格/来自深处的钟声	/Volumes/导演们/沃纳·赫尔佐格/来自深处的钟声/来自深处的钟声.Bells.from.the.Deep.-.Faith.and.Superstition.in.Russia.(Werner.Herzog).1993.DVDRIP.Xvid.mkv	2	0	0
/Volumes/导演们/沃纳·赫尔佐格/沃采克	/Volumes/导演们/沃纳·赫尔佐格/沃采克/沃采克.Woyzeck.1979.mkv	1	0	0
/Volumes/导演们/沃纳·赫尔佐格/灰熊人	/Volumes/导演们/沃纳·赫尔佐格/灰熊人/灰熊人.Grizzly.Man.2005.BDRip.480p.x264.AC3-CHD.mkv	1	0	0
/Volumes/导演们/沃纳·赫尔佐格/玻璃精灵	/Volumes/导演们/沃纳·赫尔佐格/玻璃精灵/玻璃精灵.Herz.aus.Glas.1976.DVDrip.by.Galmuchet.mkv	1	0	0
/Volumes/导演们/沃纳·赫尔佐格/赫尔佐格短片集/士兵的歌谣	/Volumes/导演们/沃纳·赫尔佐格/赫尔佐格短片集/士兵的歌谣/士兵的歌谣.Ballad.of.the.Little.Soldier.-.Werner.Herzog.1984.mkv	2	0	0
/Volumes/导演们/沃纳·赫尔佐格/赫尔佐格短片集/德意志要塞无防范之抵御	/Volumes/导演们/沃纳·赫尔佐格/赫尔佐格短片集/德意志要塞无防范之抵御/Die.Beispiellose.Verteidigung.der.Festung.Deutschkreuz.aka.The.Unprecedented.Defence.of.the.Fortr.mkv	2	0	0
/Volumes/导演们/沃纳·赫尔佐格/赫尔佐格短片集/最后的话	/Volumes/导演们/沃纳·赫尔佐格/赫尔佐格短片集/最后的话/Letzte.Worte.mkv	1	0	0
/Volumes/导演们/沃纳·赫尔佐格/赫尔佐格短片集/残疾人的未来	/Volumes/导演们/沃纳·赫尔佐格/赫尔佐格短片集/残疾人的未来/残疾人的未来.Handicapped.Future.-.Werner.Herzog.1971.mkv	2	0	0
/Volumes/导演们/沃纳·赫尔佐格/赫尔佐格短片集/没人愿意跟我玩	/Volumes/导演们/沃纳·赫尔佐格/赫尔佐格短片集/没人愿意跟我玩/Mit.mir.will.keiner.spielen.mkv	1	0	0
/Volumes/导演们/沃纳·赫尔佐格/赫尔佐格短片集/荷索的自画像	/Volumes/导演们/沃纳·赫尔佐格/赫尔佐格短片集/荷索的自画像/荷索的自画像.Portrait.Werner.Herzg.1986.Werner.Herzog.mkv	2	0	0
/Volumes/导演们/沃纳·赫尔佐格/阿基尔，上帝的愤怒	/Volumes/导演们/沃纳·赫尔佐格/阿基尔，上帝的愤怒/阿基尔.上帝的愤怒.Aguirre.der.Zorn.Gottes.1972.mkv	3	0	0
/Volumes/导演们/沃纳·赫尔佐格/黑暗之课	/Volumes/导演们/沃纳·赫尔佐格/黑暗之课/黑暗之课.Werner.Herzog.-.Lektionen.in.Finsternis.-.Lessons.of.Darkness.engl-german.1992.-.Iraq.War.mkv	1	0	0
/Volumes/导演们/克日什托夫·基耶斯洛夫斯基/短片/愿望音乐会	/Volumes/导演们/克日什托夫·基耶斯洛夫斯基/短片/愿望音乐会/愿望音乐会.Concert.of.Wishes.1967.mkv	2	0	0
/Volumes/导演们/达米恩·查泽雷/登月第一人	/Volumes/导演们/达米恩·查泽雷/登月第一人/登月第一人.First.Man.2018.IMAX.BDRip.X264.iNT-TLF.mkv	1	0	0
/Volumes/导演们/伊日·门泽尔/(1968)Zlocin v santánu	/Volumes/导演们/伊日·门泽尔/(1968)Zlocin v santánu/Zlocin.v.santanu.1968.dvd.rip.avi	1	0	0
/Volumes/导演们/伊日·门泽尔/(1968)反复无常的夏天 Rozmarné léto	/Volumes/导演们/伊日·门泽尔/(1968)反复无常的夏天 Rozmarné léto/反复无常的夏天.Rozmarne.Leto.1968.Kinobox.avi	1	0	0
/Volumes/导演们/伊日·门泽尔/森林边缘的寂寞	/Volumes/导演们/伊日·门泽尔/森林边缘的寂寞/森林边缘的寂寞.Na.samote.u.lesa.1976.avi	1	0	0
/Volumes/导演们/卢基诺·维斯康蒂/洛克兄弟	/Volumes/导演们/卢基诺·维斯康蒂/洛克兄弟/洛克兄弟.Rocco.and.His.Brothers.1960.XviD-Dionysus.avi	1	0	0
/Volumes/导演们/卢基诺·维斯康蒂/纳粹狂魔	/Volumes/导演们/卢基诺·维斯康蒂/纳粹狂魔/纳粹狂魔.La.Caduta.Degli.Dei.1969.DVDRip.DivX.mkv	2	0	0
/Volumes/导演们/埃米尔·库斯图里察/爸爸出差时	/Volumes/导演们/埃米尔·库斯图里察/爸爸出差时/爸爸去出差.When.Father.Was.Away.on.Business.1985.DVDRip.Xvid-sicxicldx.avi	1	0	0
/Volumes/导演们/阿里·艾斯特/爱丁顿	/Volumes/导演们/阿里·艾斯特/爱丁顿/爱丁顿.Eddington.2025.2160p.AMZN.WEB-DL.DDP5.1.Atmos.H.265-BYNDR.mkv	1	0	0
/Volumes/导演们/莱奥·卡拉克斯/神圣车行	/Volumes/导演们/莱奥·卡拉克斯/神圣车行/神圣车行.Holy.Motors.2012.1080p.BluRay.DTS.x265-10bit-TAGHD.mkv	1	0	0
/Volumes/导演们/莱奥·卡拉克斯/忧郁的扼杀	/Volumes/导演们/莱奥·卡拉克斯/忧郁的扼杀/Strangulation.blues.1980.忧郁的扼杀.480x360.VP9-DMR.mkv	1	0	0
/Volumes/导演们/塞米赫·卡普兰奥卢/蛋	/Volumes/导演们/塞米赫·卡普兰奥卢/蛋/蛋.Yumurta.Egg.Semih.Kaplano.lu.2007.mp4	1	0	0
/Volumes/导演们/塞米赫·卡普兰奥卢/天使的坠落	/Volumes/导演们/塞米赫·卡普兰奥卢/天使的坠落/天使的坠落.Melegin.Dususu.2005.DVDRip.XviD-UnSeeN.avi	1	0	0
/Volumes/导演们/肯·洛奇/对话杰里米·科尔宾	/Volumes/导演们/肯·洛奇/对话杰里米·科尔宾/对话杰里米·科尔宾.In.Conversation.With.Jeremy.Corbyn.2016.WEB-DL.1080p.H264.AAC-dingfengbo.mp4	1	0	0
/Volumes/导演们/肯·洛奇/最危险的路	/Volumes/导演们/肯·洛奇/最危险的路/最危险的路.Route.Irish.2010.1080p.BluRay.X264-7SinS.mkv	2	0	0
/Volumes/导演们/肯·洛奇/寻找埃里克	/Volumes/导演们/肯·洛奇/寻找埃里克/寻找埃里克.Looking.For.Eric.2009.1080p.BluRay.x264-LCHD.mkv	2	0	0
/Volumes/导演们/肯·洛奇/自由世界	/Volumes/导演们/肯·洛奇/自由世界/自由世界.It's.a.Free.World.2007.DVDRip.XviD.AC3.mkv	2	0	0
/Volumes/导演们/肯·洛奇/铁路之歌	/Volumes/导演们/肯·洛奇/铁路之歌/铁路之歌.The.Navigators.2001.avi	1	0	0
/Volumes/导演们/肯·洛奇/折翼母亲	/Volumes/导演们/肯·洛奇/折翼母亲/折翼母亲.Ladybird.Ladybird.1994.1080p.BluRay.x264-FUTURiSTiC.mkv	2	0	0
/Volumes/导演们/肯·洛奇/底层生活	/Volumes/导演们/肯·洛奇/底层生活/底层生活.Riff.Raff.1991.1080p.BluRay.x264-PHOBOS.mkv	1	0	0
/Volumes/导演们/肯·洛奇/致命档案	/Volumes/导演们/肯·洛奇/致命档案/致命档案.Hidden.Agenda.1990.1080p.BluRay.x264-REKT.mkv	1	0	0
/Volumes/导演们/肯·洛奇/The.Wednesday.Plays.In.Two.Minds	/Volumes/导演们/肯·洛奇/The.Wednesday.Plays.In.Two.Minds/The.Wednesday.Play.In.Two.Minds.1967.WEB-DL.1080p.H264.AAC-dingfengbo.mp4	1	0	0
/Volumes/导演们/肯·洛奇/小孩与鹰	/Volumes/导演们/肯·洛奇/小孩与鹰/小孩与鹰.Kes.1969.BluRay.Criterion.Collection.1080p.AC3.x264-CHD.mkv	1	1	0
/Volumes/导演们/肯·洛奇/煤的价格/煤的价格.第二部分	/Volumes/导演们/肯·洛奇/煤的价格/煤的价格.第二部分/煤的价格.第二部分.The.Price.of.Coal.Part.2.mp4	1	0	0
/Volumes/导演们/肯·洛奇/眼神与微笑	/Volumes/导演们/肯·洛奇/眼神与微笑/眼神与微笑.Looks.and.Smiles.1981.mp4	1	0	0
/Volumes/导演们/肯·洛奇/再见祖国	/Volumes/导演们/肯·洛奇/再见祖国/再见祖国.Fatherland.1986.OAR.1080p.BluRay.x265-RARBG.mp4	2	0	0
/Volumes/导演们/保罗·索伦蒂诺/家庭朋友	/Volumes/导演们/保罗·索伦蒂诺/家庭朋友/家庭朋友.The.Family.Friend.2006.ITALIAN.1080p.WEBRip.x264-VXT.mp4	2	0	0
/Volumes/导演们/曼努埃尔·德·奥利维拉/亚伯拉罕山谷	/Volumes/导演们/曼努埃尔·德·奥利维拉/亚伯拉罕山谷/亚伯拉罕山谷.de.Oliveira.1993.Val.Abraao.avi	1	0	2
/Volumes/导演们/曼努埃尔·德·奥利维拉/弗兰西斯卡	/Volumes/导演们/曼努埃尔·德·奥利维拉/弗兰西斯卡/弗兰西斯卡.Francisca.1981.avi	1	0	0
/Volumes/导演们/曼努埃尔·德·奥利维拉/神曲	/Volumes/导演们/曼努埃尔·德·奥利维拉/神曲/神曲Manoel.de.Oliveira-A.Divina.Comedia.1991-SMz.avi	3	0	0
/Volumes/分类/华语世界/台湾/侯孝贤/南國再見，南國	/Volumes/分类/华语世界/台湾/侯孝贤/南國再見，南國/[南國再見，南國].Goodbye.South.Goodbye.1....mp4	1	0	0
/Volumes/分类/华语世界/台湾/蔡明亮/天边一朵云	/Volumes/分类/华语世界/台湾/蔡明亮/天边一朵云/The.Wayward.Cloud.2005.dvdrip.avi	1	0	0
/Volumes/分类/华语世界/朝鲜族/张律/豆满江	/Volumes/分类/华语世界/朝鲜族/张律/豆满江/Dooman.River.2010.720p.HDR.x264.avi	1	0	0
/Volumes/分类/华语世界/欧美华人/王颖/千年敬祈	/Volumes/分类/华语世界/欧美华人/王颖/千年敬祈/千年敬祈.A.Thousand.Years.Of.Good.Prayers.DVDRip.XviD-SAPHiRE.mp4	1	0	0
/Volumes/分类/华语世界/欧美华人/王颖/芳心天涯	/Volumes/分类/华语世界/欧美华人/王颖/芳心天涯/芳心天涯.Anywhere.But.Here.1999.DVDRip.XviD.mp4	1	0	0
/Volumes/分类/华语世界/禁/六四/The.Tank.Man	/Volumes/分类/华语世界/禁/六四/The.Tank.Man/[indypeer.org].PBS.Frontline.-.The.Tank.Man.(2006.TVRip.SoS).avi	1	0	0
/Volumes/分类/传记·一段历史/切格瓦拉粉的悲惨人生	/Volumes/分类/传记·一段历史/切格瓦拉粉的悲惨人生/Kako+sam+sistematski+unisten+od+idiota.1....mkv	2	0	0
/Volumes/分类/传记·一段历史/春之颂	/Volumes/分类/传记·一段历史/春之颂/Fruhlingssinfonie--Spring-Symphony--1983--tt0085568--640x480.avi	5	0	0
/Volumes/分类/传记·一段历史/西尔维娅	/Volumes/分类/传记·一段历史/西尔维娅/Silvia_Prieto_DerekDM.mkv	1	1	0
/Volumes/分类/动画片/凯尔经的秘密	/Volumes/分类/动画片/凯尔经的秘密/The.Secret.of.Kells.2009.LiMiTED.DVDRip.XviD-LPD.avi	1	0	0
/Volumes/分类/动画片/动画短片/三个发明家	/Volumes/分类/动画片/动画短片/三个发明家/Les_Trois_inventeurs.mp4	1	0	0
/Volumes/分类/动画片/动画短片/猫汤	/Volumes/分类/动画片/动画短片/猫汤/[猫汤].Nekojiru-Sou.(Cat.Soup).(2003).By.Tatsuo.Sato.avi	1	0	0
/Volumes/分类/动画片/卢茨·丹姆贝克作品集(1975-1986)/Herzernst	/Volumes/分类/动画片/卢茨·丹姆贝克作品集(1975-1986)/Herzernst/[1984 - 1993] herzog ernst aka duke ernest.avi	1	0	0
/Volumes/分类/动画片/哈瓦那的吸血鬼	/Volumes/分类/动画片/哈瓦那的吸血鬼/Vampires in Havana-kdvx.mp4	2	0	0
/Volumes/分类/公路/不负责任的人	/Volumes/分类/公路/不负责任的人/H-8 (1958).avi	1	0	0
/Volumes/分类/公路/回归海洋	/Volumes/分类/公路/回归海洋/Thalassa, Thalassa! Return to the Sea.mp4	2	0	0
/Volumes/分类/CULT·实验/为年轻刽子手的辩护	/Volumes/分类/CULT·实验/为年轻刽子手的辩护/为年轻的刽子手辩护.pripad.pro.zacinajiciho.kata-dvdrip.felix.avi	1	0	0
/Volumes/分类/CULT·实验/入谜	/Volumes/分类/CULT·实验/入谜/入谜.Ecstasy.1933.mp4	2	1	0
/Volumes/分类/CULT·实验/博物馆的来访者	/Volumes/分类/CULT·实验/博物馆的来访者/博物馆的来访者.mp4	1	0	0
/Volumes/分类/CULT·实验/复活的托托	/Volumes/分类/CULT·实验/复活的托托/Totò che visse due volte.avi	1	0	0
/Volumes/分类/CULT·实验/夏日吊带裙	/Volumes/分类/CULT·实验/夏日吊带裙/Francois.Ozon_Une.robe.d__ete_1996_15mn08.mp4	1	0	0
/Volumes/分类/CULT·实验/家庭教师	/Volumes/分类/CULT·实验/家庭教师/家庭教师_Mademoiselle.mp4	3	0	0
/Volumes/分类/CULT·实验/小径分岔的花园	/Volumes/分类/CULT·实验/小径分岔的花园/Сад_(реж._А._Кайдановский).mp4	3	0	0
/Volumes/分类/CULT·实验/巴塔沙历险记	/Volumes/分类/CULT·实验/巴塔沙历险记/(巴塔沙历险记)niezwykla.podroz.baltazara.kobera.avi	2	0	0
/Volumes/分类/CULT·实验/打尸噎	/Volumes/分类/CULT·实验/打尸噎/Hukkle.mp4	1	0	0
/Volumes/分类/CULT·实验/撒旦狂想曲	/Volumes/分类/CULT·实验/撒旦狂想曲/Rapsodia_Satanica-N.Oxilia_1917.mp4	2	0	0
/Volumes/分类/CULT·实验/柳条人/[异教徒].The.Wicker.Man.1973.DVDRip.DivX-SEVcD.avi	/Volumes/分类/CULT·实验/柳条人/[异教徒].The.Wicker.Man.1973.DVDRip.DivX-SEVcD.avi/异教徒.The.Wicker.Man.1973.DVDRip.DivX-SEVcD.avi	1	0	0
/Volumes/分类/CULT·实验/爱丽丝最后的逃离	/Volumes/分类/CULT·实验/爱丽丝最后的逃离/[爱丽丝最后的逃离].Alice.ou.la.derniere.mp4	1	0	0
/Volumes/分类/CULT·实验/神奇女孩	/Volumes/分类/CULT·实验/神奇女孩/Magical girl (HDRip) (Elitetorrent.net).avi	1	0	0
/Volumes/分类/CULT·实验/红发女郎	/Volumes/分类/CULT·实验/红发女郎/红发女郎.Tatsumi.Kumashiro.-.Akai.Kami.No.Onna.The.Woman.With.Red.Hair.1979.mp4	1	0	0
/Volumes/分类/CULT·实验/花园惊魂夜	/Volumes/分类/CULT·实验/花园惊魂夜/La_Residencia_(1969).mp4	1	0	0
/Volumes/分类/CULT·实验/蔷薇的葬礼	/Volumes/分类/CULT·实验/蔷薇的葬礼/蔷薇的葬礼.Funeral.Parade.Of.Roses.Toshio.Matsumoto,.1969.Dvdrip.English.mp4	1	0	0
/Volumes/分类/CULT·实验/蝴蝶	/Volumes/分类/CULT·实验/蝴蝶/Leptirica.mp4	1	0	0
/Volumes/分类/CULT·实验/豚鸡心中	/Volumes/分类/CULT·实验/豚鸡心中/PigChickenSuicide.mp4	1	0	0
/Volumes/分类/CULT·实验/饕餮之徒	/Volumes/分类/CULT·实验/饕餮之徒/饕餮之徒.La.Grande.bouffe.French.lang.English.Sub.Xvid.mp4	1	0	0
/Volumes/分类/黑色电影/伸冤记	/Volumes/分类/黑色电影/伸冤记/伸冤记.The.Wrong.Man.1956.WS.DVDRip.XviD-FRAGMENT.avi	3	0	0
/Volumes/分类/黑色电影/情迷意乱	/Volumes/分类/黑色电影/情迷意乱/FILM NOIR-Joan Crawford - Daisy Kenyon (1947) Dana Andrews, Henry Fonda DVDRip XViD.avi	1	0	0
/Volumes/分类/黑色电影/柳巷芳草	/Volumes/分类/黑色电影/柳巷芳草/柳巷芳草Klute1971.avi	2	0	0
/Volumes/分类/黑色电影/步步惊魂	/Volumes/分类/黑色电影/步步惊魂/The.Postman.Always.Rings.Twice.1946.CD2.DVDRip.XviD-FiNaLe.avi	1	0	1
/Volumes/分类/黑色电影/湖上艳尸	/Volumes/分类/黑色电影/湖上艳尸/[0720]湖上艳尸.Lady.in.the.Lake.1947.DVDRip.XviD-iMMORTALs.mp4	1	0	0
/Volumes/分类/黑色电影/漩涡之外	/Volumes/分类/黑色电影/漩涡之外/Out.of.the.Past.avi	2	0	0
/Volumes/分类/黑色电影/煤气灯下	/Volumes/分类/黑色电影/煤气灯下/煤气灯下.Gaslight.1944.DVDRip.XviD.avi	1	0	0
/Volumes/分类/黑色电影/玻璃钥匙	/Volumes/分类/黑色电影/玻璃钥匙/The.Glass.Key.1942.XviD.avi	1	0	0
/Volumes/分类/黑色电影/痛苦的报酬	/Volumes/分类/黑色电影/痛苦的报酬/痛苦的报酬Force.Of.Evil.1948.DVDRip.x264.mkv	1	0	2
/Volumes/分类/黑色电影/盖世枭雄	/Volumes/分类/黑色电影/盖世枭雄/Key Largo (1948).avi	1	0	0
/Volumes/分类/黑色电影/罗拉秘史	/Volumes/分类/黑色电影/罗拉秘史/Laura.1944.DVDRip.x264.mkv	3	0	0
/Volumes/分类/黑色电影/罪魁伏法记	/Volumes/分类/黑色电影/罪魁伏法记/Odds Against Tomorrow (1959).avi	1	0	0
/Volumes/分类/黑色电影/蓝色大丽花	/Volumes/分类/黑色电影/蓝色大丽花/The.Blue.Dahlia.(1946).DVDRip.XviD.Wolfman.avi	1	0	0
/Volumes/分类/黑色电影/邮差总按两次铃	/Volumes/分类/黑色电影/邮差总按两次铃/The.Postman.Always.Rings.Twice.1946.CD1.DVDRip.XviD-FiNaLe.avi	2	0	0
/Volumes/分类/黑色电影/金臂人	/Volumes/分类/黑色电影/金臂人/The_Man_with_the_Golden_Arm_(1955).avi	1	0	2
/Volumes/分类/黑色电影/魂断今宵	/Volumes/分类/黑色电影/魂断今宵/魂断今宵1952_-_Angel_Face_-_Robert_Mitchum_-_Jean_Simmons.avi	1	0	0
/Volumes/分类/西部/原野铁汉	/Volumes/分类/西部/原野铁汉/HUD 1963.DVDrip.by_Galmuchet.avi	1	0	0
/Volumes/分类/西部/西部世界	/Volumes/分类/西部/西部世界/Westworld (1973) DVDRip Xvid AC3-ShitBusters.avi	1	0	0
/Volumes/分类/西部/赛伊特•汉	/Volumes/分类/西部/赛伊特•汉/Yilmaz_Güney-Seyyit_Han_(1968).avi	2	0	0
/Volumes/分类/西部/金沙镇	/Volumes/分类/西部/金沙镇/金沙镇.Yellow.Sky.1949.DVDRip.XviD-AEN.avi	1	0	0
/Volumes/分类/音乐/乐队造访	/Volumes/分类/音乐/乐队造访/乐队造访.The.Bands.Visit.2007.LiMiTED.DVDRiP.XViD-HLS.avi	1	0	0
/Volumes/分类/音乐/十字街头	/Volumes/分类/音乐/十字街头/十字街头.Crossroads.1986.DVDRip.XviD-SMoR.avi	1	0	0
/Volumes/分类/音乐/安娜	/Volumes/分类/音乐/安娜/Anna.1967.DVDRip.XviD-CG.avi	1	0	0
/Volumes/分类/音乐/小王子音乐剧/Le_Petit_Prince_ch	/Volumes/分类/音乐/小王子音乐剧/Le_Petit_Prince_ch/群星.-.[小王子].音乐剧.avi	1	0	0
/Volumes/分类/音乐/期待幸福	/Volumes/分类/音乐/期待幸福/Heremakono_[Drama-2002][Mauritania][DVDRip][VOSE].mkv	3	1	0
/Volumes/分类/战争/刽子手就在我们中间	/Volumes/分类/战争/刽子手就在我们中间/The.Murderers.Are.Among.Us.1946.DVDRip.XviD-MOC.avi	1	0	2
/Volumes/分类/战争/带黑色标记的白鸟	/Volumes/分类/战争/带黑色标记的白鸟/Belaja.ptica.s.chernoj.otmetinoj.1971.SATRip.avi	3	0	0
/Volumes/分类/战争/德国,苍白的母亲	/Volumes/分类/战争/德国,苍白的母亲/德国,苍白的母亲.GERMANY_PALE_MOTHER.avi	1	0	0
/Volumes/分类/战争/德里纳河进行曲	/Volumes/分类/战争/德里纳河进行曲/Mars_na_drinu.avi	2	0	0
/Volumes/分类/战争/欧洲的某个地方	/Volumes/分类/战争/欧洲的某个地方/欧洲的某个地方.avi	1	0	0
/Volumes/分类/战争/燃烧，燃烧，我的星	/Volumes/分类/战争/燃烧，燃烧，我的星/gori.gori.moya.zvezda.avi	3	0	0
/Volumes/分类/战争/西线战场	/Volumes/分类/战争/西线战场/西线战场1918Westfront_1918.avi	2	0	0
/Volumes/分类/战争/返乡	/Volumes/分类/战争/返乡/荣归.Coming_Home.avi	2	0	0
/Volumes/分类/战争/通向自由之路	/Volumes/分类/战争/通向自由之路/自由女战士 Libertarias.avi	1	0	0
/Volumes/分类/爱情/如何被爱	/Volumes/分类/爱情/如何被爱/如何被爱.mkv	1	0	0
/Volumes/分类/爱情/悲情花街	/Volumes/分类/爱情/悲情花街/G.W.Pabst.Die.Freudlose.Gasse.aka.Joyless.Street.1925-SMz.avi	1	0	0
/Volumes/分类/爱情/我爱，依旧	/Volumes/分类/爱情/我爱，依旧/lovely.still.2008.dvdrip.xvid-lpd.mp4	2	0	0
/Volumes/分类/爱情/重生之爱	/Volumes/分类/爱情/重生之爱/DESPABILATE_AMOR.mp4	1	0	0
/Volumes/分类/纪录/60年代的伯克利	/Volumes/分类/纪录/60年代的伯克利/Berkeley.in.the.Sixties.1990.DVDRiP.XViD-DRAGONETTA.mkv	3	1	0
/Volumes/分类/纪录/兴盛	/Volumes/分类/纪录/兴盛/Thrive 2011 720p BRRip x264 AAC-26K.mp4	1	0	2
/Volumes/分类/纪录/天涯海角/1929.Finis Terrae（英）Jean Epstein	/Volumes/分类/纪录/天涯海角/1929.Finis Terrae（英）Jean Epstein/1929 Finis Terrae.avi	2	0	0
/Volumes/分类/纪录/我仍然坚信……	/Volumes/分类/纪录/我仍然坚信……/M.Romm.M.Hutsiev.-.I.vse-taki.ja.verju.avi	2	0	0
/Volumes/分类/纪录/摄影师的城市	/Volumes/分类/纪录/摄影师的城市/摄影师的城市：皮诺切特统治下的圣地亚哥La ciudad de los fotografos.mp4	1	0	0
/Volumes/分类/纪录/欢迎来朝鲜!	/Volumes/分类/纪录/欢迎来朝鲜!/Welcome to North Korea (2009).avi	2	0	0
/Volumes/分类/纪录/禁忌艺术的荒漠	/Volumes/分类/纪录/禁忌艺术的荒漠/DOFA_DVD_NTSC.avi	2	0	0
/Volumes/分类/纪录/街拍皇帝	/Volumes/分类/纪录/街拍皇帝/街拍鼻祖比尔.Bill.Cunningham.New.York.2010.LIMITED.DVDRip.XviD-IGUANA.qvocd.com.mkv	1	0	0
/Volumes/分类/纪录/通向力与美之路	/Volumes/分类/纪录/通向力与美之路/Wege Zu Kraft und Schonheit.avi	3	0	0
/Volumes/分类/科幻·奇幻/下一个世纪	/Volumes/分类/科幻·奇幻/下一个世纪/Wojna.Swiatow.Nastepne.Stulecie.1981.PL.DVDRip.XviD-ZR.mkv	2	1	0
/Volumes/分类/科幻·奇幻/世界图解	/Volumes/分类/科幻·奇幻/世界图解/Orbis Pictus (1997).avi	2	0	0
/Volumes/分类/科幻·奇幻/亚哈船长	/Volumes/分类/科幻·奇幻/亚哈船长/Capitaine.Achab.2007.avi	1	0	0
/Volumes/分类/科幻·奇幻/仙女	/Volumes/分类/科幻·奇幻/仙女/La.Fee.2011.DVDRip.XviD.HORiZON-ArtSubs.avi	2	0	0
/Volumes/分类/科幻·奇幻/宇宙	/Volumes/分类/科幻·奇幻/宇宙/Kosmos+-+Reha+Erdem+(2010).avi	3	0	0
/Volumes/分类/科幻·奇幻/摇篮曲	/Volumes/分类/科幻·奇幻/摇篮曲/Iavnana+aka+Lullaby+(1994).avi	1	0	0
/Volumes/分类/科幻·奇幻/新外星人	/Volumes/分类/科幻·奇幻/新外星人/Mac and Me.1988.DVDRip.AC3.XviD-ShitBusters.mkv	1	0	0
/Volumes/分类/科幻·奇幻/死者来信	/Volumes/分类/科幻·奇幻/死者来信/Pisma mertvogo cheloveka.mp4	3	0	0
/Volumes/分类/科幻·奇幻/灵魂啊！你在何方？	/Volumes/分类/科幻·奇幻/灵魂啊！你在何方？/Possible_Worlds_(_Robert_Lepage)_-_(science-fiction).mkv	2	1	0
/Volumes/分类/科幻·奇幻/烈焰焚树	/Volumes/分类/科幻·奇幻/烈焰焚树/1981.Konopielka.mp4	2	0	0
/Volumes/分类/科幻·奇幻/空气之魂，云之精灵	/Volumes/分类/科幻·奇幻/空气之魂，云之精灵/Spirits Of The Air Gremlins Of The Clouds.mkv	2	0	0
/Volumes/分类/科幻·奇幻/萨拉戈萨手稿	/Volumes/分类/科幻·奇幻/萨拉戈萨手稿/Rekopis znaleziony w Saragossie.avi	2	0	0
/Volumes/分类/科幻·奇幻/迷影仙踪	/Volumes/分类/科幻·奇幻/迷影仙踪/Photographing_Fairies_(EN)_(1997).mp4	2	0	0
/Volumes/分类/科幻·奇幻/黑星球	/Volumes/分类/科幻·奇幻/黑星球/Dark_Star.avi	1	0	0
/Volumes/分类/短篇集/多妻朝圣者	/Volumes/分类/短篇集/多妻朝圣者/le.wazzou.polygame.mkv	2	1	0
/Volumes/分类/短篇集/歌谣	/Volumes/分类/短篇集/歌谣/Ivanyi Marcell - 2005 - Ballada [matamoscas].DVBRip.x264.AC3.avi	2	0	0
/Volumes/分类/短篇集/淘气学童	/Volumes/分类/短篇集/淘气学童/snova_v_shkolu_[torrents.ru]_by_bm11.avi	2	0	0
/Volumes/分类/短篇集/芭蕾舞者	/Volumes/分类/短篇集/芭蕾舞者/1911 - Balletdanserinden [August Blom].mp4	2	0	0
/Volumes/分类/合集/要分类/玩偶	/Volumes/分类/合集/要分类/玩偶/Lalka.1968.Wojciech.Has-SMz.avi	1	0	0
/Volumes/分类/合集/要分类/再见	/Volumes/分类/合集/要分类/再见/Pozegnania.avi	1	0	0
/Volumes/分类/合集/要分类/执斧人	/Volumes/分类/合集/要分类/执斧人/执斧人+Siekierezada.avi	3	0	0
/Volumes/分类/合集/要分类/(1929)诱惑	/Volumes/分类/合集/要分类/(1929)诱惑/Erotikon.1929.DVDRip.XviD-SCHWEiK.avi	2	0	0
/Volumes/分类/合集/要分类/(1931)星期六到星期日 Ze soboty na nedeli	/Volumes/分类/合集/要分类/(1931)星期六到星期日 Ze soboty na nedeli/Ze-soboty-na-nedeli.avi	1	0	0
/Volumes/分类/合集/要分类/(1932)枪手安东 斯皮尔莱克 Anton Spelec, ostrostrelec	/Volumes/分类/合集/要分类/(1932)枪手安东 斯皮尔莱克 Anton Spelec, ostrostrelec/aso-pivo.avi	1	0	0
/Volumes/分类/合集/要分类/(1939)克里斯蒂安 Kristián	/Volumes/分类/合集/要分类/(1939)克里斯蒂安 Kristián/KRISTIAN.1939.DVDRip.Xvid.MP3.GTK.avi	2	0	0
/Volumes/分类/合集/要分类/(1958)渴望 Touha	/Volumes/分类/合集/要分类/(1958)渴望 Touha/Touha-1958-cz.dub.avi	1	0	0
/Volumes/分类/合集/要分类/(1958)狼的圈套 Vlčí jáma	/Volumes/分类/合集/要分类/(1958)狼的圈套 Vlčí jáma/vlci-jama-psychologicke-drama-ceskoslovensko-1957-sten-ok_3.AVI	1	0	0
/Volumes/分类/合集/要分类/(1959)仲夏夜之梦 Sen noci svatojánské	/Volumes/分类/合集/要分类/(1959)仲夏夜之梦 Sen noci svatojánské/《仲夏夜之梦》(A Midsummer Night's Dream)1959 捷克木偶动画[DVDRip].avi	1	0	0
/Volumes/分类/合集/要分类/(1960)球迷	/Volumes/分类/合集/要分类/(1960)球迷/球迷_Skalní v ofsajde.avi	1	0	0
/Volumes/分类/合集/要分类/(1963)宇宙终点之旅 Ikarie XB 1	/Volumes/分类/合集/要分类/(1963)宇宙终点之旅 Ikarie XB 1/Ikarie_XB_1.avi	1	0	0
/Volumes/分类/合集/要分类/(1964)每天勇气多一些 Kazdy den odvahu	/Volumes/分类/合集/要分类/(1964)每天勇气多一些 Kazdy den odvahu/Kazdy.den.odvahu_bbb7.avi	3	0	0
/Volumes/分类/合集/要分类/(1964)啤酒花采集者 Starci na chmelu	/Volumes/分类/合集/要分类/(1964)啤酒花采集者 Starci na chmelu/Starci-na-chmelu-AVI-CZ.avi	1	0	0
/Volumes/分类/合集/要分类/(1965)赤脚钟声	/Volumes/分类/合集/要分类/(1965)赤脚钟声/赤脚钟声Zvony pre bosych (1965).avi	2	0	0
/Volumes/分类/合集/要分类/(1965)幕后的人	/Volumes/分类/合集/要分类/(1965)幕后的人/The Sheriff Behind Bars DVDRip.avi	2	0	0
/Volumes/分类/合集/要分类/(1965)逝水年华 Intimní osvětlení	/Volumes/分类/合集/要分类/(1965)逝水年华 Intimní osvětlení/[逝水年华].Intimate.Lighting.1966.DVDRip.XviD-WRD.avi	2	0	0
/Volumes/分类/合集/要分类/(1965)约瑟夫·基利安 Postava k podpírání	/Volumes/分类/合集/要分类/(1965)约瑟夫·基利安 Postava k podpírání/Postava k podpirani (1963).avi	1	0	0
/Volumes/分类/合集/要分类/(1966)活着的苦难	/Volumes/分类/合集/要分类/(1966)活着的苦难/活着的苦难.zivy.bic.avi	2	0	2
/Volumes/分类/合集/要分类/(1966)行刑手	/Volumes/分类/合集/要分类/(1966)行刑手/Majster.Kat.1966.DVDRip.XviD-WRD.avi	2	0	0
/Volumes/分类/合集/要分类/(1967)魔鬼的契约	/Volumes/分类/合集/要分类/(1967)魔鬼的契约/Zmluva.S.Diablom.1967.DVDRip.XviD-WRD.avi	2	0	2
/Volumes/分类/合集/要分类/(1968)亲和力 Spřízněni volbou	/Volumes/分类/合集/要分类/(1968)亲和力 Spřízněni volbou/Spřízněni-volbou_CT-2_17_07_2008_01_39_02.mpeg.AVI	1	0	0
/Volumes/分类/合集/要分类/(1969)被浪费的星期天 Zabitá neděle	/Volumes/分类/合集/要分类/(1969)被浪费的星期天 Zabitá neděle/Zabitá_neděle_(Drahomíra_Vihanová,_1969).avi	2	0	0
/Volumes/分类/合集/要分类/(1969)第七日，第八夜 Den sedmý, osmá noc	/Volumes/分类/合集/要分类/(1969)第七日，第八夜 Den sedmý, osmá noc/den.sedmy.osma.noc-dvdrip.felix.avi	2	1	0
/Volumes/分类/合集/要分类/(1969)牧师的结局 Faráruv konec	/Volumes/分类/合集/要分类/(1969)牧师的结局 Faráruv konec/Fararuv.Konec.1969.DVDRip.Xvid.CZ-capo.avi	1	0	0
/Volumes/分类/合集/要分类/(1969)葬礼 Smutecni slavnost	/Volumes/分类/合集/要分类/(1969)葬礼 Smutecni slavnost/Smuteční-slavnost-Sirový-1969.avi	3	0	0
/Volumes/分类/合集/要分类/(1969)植物园的狂欢 Slávnost v botanickej záhrade	/Volumes/分类/合集/要分类/(1969)植物园的狂欢 Slávnost v botanickej záhrade/植物园的狂欢.slavnost.v.botanickej.zahrade.xvid.sk_bbb7.avi	1	0	2
/Volumes/分类/合集/要分类/(1970)看啊，霍莫尔卡 Ecce Homo Homolka	/Volumes/分类/合集/要分类/(1970)看啊，霍莫尔卡 Ecce Homo Homolka/Ecce-homo-Homolka-(1969)_2.avi	1	0	0
/Volumes/分类/合集/要分类/(1970)瓦莱莉和她的奇迹一周 Valerie a týden divů	/Volumes/分类/合集/要分类/(1970)瓦莱莉和她的奇迹一周 Valerie a týden divů/[瓦莱莉和她的奇迹一周].Valerie.and.Her.Week.of.Wonders.1970.WS.DVDRip.XviD.avi	1	0	0
/Volumes/分类/合集/要分类/(1989)我爱,你爱 Ja milujem, ty milujes	/Volumes/分类/合集/要分类/(1989)我爱,你爱 Ja milujem, ty milujes/JA.MILUJEM.TY.MILUJES.1980.DVDRip.Xvid.MP3.SK.GTK.avi	2	0	0
/Volumes/分类/合集/要分类/(1991)烟 Kouř	/Volumes/分类/合集/要分类/(1991)烟 Kouř/kour-kinobox.avi	1	0	0
/Volumes/分类/合集/要分类/(1992)我所爱的一切 Všetko čo mám rád	/Volumes/分类/合集/要分类/(1992)我所爱的一切 Všetko čo mám rád/Vsetko-co-mam-rad_2.avi	1	0	0
/Volumes/分类/合集/要分类/(1995)花园 Záhrada	/Volumes/分类/合集/要分类/(1995)花园 Záhrada/Zahrada(1995).avi	2	0	2
/Volumes/分类/合集/要分类/一夕风流恨事多	/Volumes/分类/合集/要分类/一夕风流恨事多/一夕风流恨事多A_Kind_of_Loving_(John_Schlesinger,_1962).avi	1	0	0
/Volumes/分类/合集/要分类/巴勒摩或沃夫斯堡	/Volumes/分类/合集/要分类/巴勒摩或沃夫斯堡/巴勒摩或沃夫斯堡.avi	1	0	0
/Volumes/分类/合集/要分类/38th.1981.[德国姊妹].Bleierne Zeit, Die	/Volumes/分类/合集/要分类/38th.1981.[德国姊妹].Bleierne Zeit, Die/德国姊妹.Las hermanas alemanas-Anni di piombo  - Margarethe von Trotta (1981).avi	2	0	0
/Volumes/分类/合集/AFI百年百部经典/【飞屋】AFI's.100.Years.100.Movies-Part7	/Volumes/分类/合集/AFI百年百部经典/【飞屋】AFI's.100.Years.100.Movies-Part7/Part7.爱的迷惘.Wilder.Shores.of.Love.DVDRip.x264-AeroHut.mkv	1	0	0
/Volumes/分类/合集/AFI百年百部经典/【飞屋】AFI's.100.Years.100.Movies-Part8	/Volumes/分类/合集/AFI百年百部经典/【飞屋】AFI's.100.Years.100.Movies-Part8/Part8.另类英雄.Anti.Heroes.DVDRip.x264-AeroHut.mkv	1	0	0
/Volumes/分类/名著改编/卡夫卡电影作品集/变形记	/Volumes/分类/名著改编/卡夫卡电影作品集/变形记/Prevraschenie.RUS.DVDRip.vicpryl.avi	2	1	0
/Volumes/分类/名著改编/卡夫卡电影作品集/美国	/Volumes/分类/名著改编/卡夫卡电影作品集/美国/Amerika.avi	3	0	0
/Volumes/分类/喜剧/仲夏日的微笑	/Volumes/分类/喜剧/仲夏日的微笑/仲夏日的微笑.A.Midsummer.Days.Smile.1963.DVDRip.XviD-LAP.mkv	3	1	0
/Volumes/分类/喜剧/哦，闪人	/Volumes/分类/喜剧/哦，闪人/Vrchní,_prchni!_(1980)_Run_Waiter_Run.mkv	3	1	0
/Volumes/分类/喜剧/图潘	/Volumes/分类/喜剧/图潘/图潘.Tulpan.2008.DVDRip.XviD-CoWRY.mkv	1	0	0
/Volumes/分类/喜剧/年轻人	/Volumes/分类/喜剧/年轻人/Joseph_Andrews_(1977).avi	1	0	0
/Volumes/分类/喜剧/悲欢岁月	/Volumes/分类/喜剧/悲欢岁月/悲欢岁月.The.Butcher.Boy.1997.DVDRip.XviD-FRAGMENT.mkv	2	1	0
/Volumes/分类/喜剧/求偶记	/Volumes/分类/喜剧/求偶记/Ett_farligt_frieri.avi	2	0	0
/Volumes/分类/喜剧/特鲁布纳亚路的房子	/Volumes/分类/喜剧/特鲁布纳亚路的房子/Dom_na_Trubnoy_(Barnet,_1928).mp4	2	1	0
/Volumes/分类/喜剧/肥仔的性幻想	/Volumes/分类/喜剧/肥仔的性幻想/Fatso.2008.BRRip.XviD.AC3-PHOENiX.avi	1	0	0
/Volumes/分类/喜剧/道别派对/Mita.Tova.2014.DVDRIP.XVID.AC3	/Volumes/分类/喜剧/道别派对/Mita.Tova.2014.DVDRIP.XVID.AC3/Mita.Tova.2014.DVDRIP.XVID.AC3.avi	1	0	0
/Volumes/分类/喜剧/鞋子	/Volumes/分类/喜剧/鞋子/[1998] Kurpe [RUS; LAT].avi	1	0	0
/Volumes/分类/惊悚·犯罪·动作/二号铁轨	/Volumes/分类/惊悚·犯罪·动作/二号铁轨/1962-dollhead-das_zweite_gleis.mkv	2	1	0
/Volumes/分类/惊悚·犯罪·动作/五匹之绅士	/Volumes/分类/惊悚·犯罪·动作/五匹之绅士/五匹之绅士Cash Call Hell Dvdrip 1966 Hideo Gosha.mp4	1	0	0
/Volumes/分类/惊悚·犯罪·动作/后院	/Volumes/分类/惊悚·犯罪·动作/后院/后院.Backyard.2009.DVDRip.XviD-VoMiT.mkv	1	0	0
/Volumes/分类/惊悚·犯罪·动作/暗夜心声	/Volumes/分类/惊悚·犯罪·动作/暗夜心声/Straight Time (1978).mp4	1	0	0
/Volumes/分类/惊悚·犯罪·动作/最毒妇人心	/Volumes/分类/惊悚·犯罪·动作/最毒妇人心/最毒妇人心.Hush.Hush,.Sweet.Charlotte.1964.avi	1	0	2
/Volumes/分类/惊悚·犯罪·动作/江湖龙虎	/Volumes/分类/惊悚·犯罪·动作/江湖龙虎/Borsalino.1970-SMz.avi	1	0	0
/Volumes/分类/惊悚·犯罪·动作/玛格丽特的后宫	/Volumes/分类/惊悚·犯罪·动作/玛格丽特的后宫/The.Harem.1967.mp4	1	0	0
/Volumes/分类/惊悚·犯罪·动作/硬漢子	/Volumes/分类/惊悚·犯罪·动作/硬漢子/硬漢子.Kremen.avi	2	0	0
/Volumes/分类/惊悚·犯罪·动作/神秘之书	/Volumes/分类/惊悚·犯罪·动作/神秘之书/1 (2009).mp4	1	0	0
/Volumes/分类/惊悚·犯罪·动作/翌日	/Volumes/分类/惊悚·犯罪·动作/翌日/Masnap+(2004)+(Attila+Janisch).avi	1	0	0
/Volumes/分类/惊悚·犯罪·动作/老千兵团	/Volumes/分类/惊悚·犯罪·动作/老千兵团/Ruba Al Prossimo Tuo.1969.avi	1	0	0
/Volumes/分类/惊悚·犯罪·动作/警方热线110/2012 - 警方热线110：猛禽 Polizeiruf 110 Raubvögel	/Volumes/分类/惊悚·犯罪·动作/警方热线110/2012 - 警方热线110：猛禽 Polizeiruf 110 Raubvögel/警方热线110：猛禽.Polizeiruf.110.Raubvögel.2012.mp4	2	0	0
/Volumes/分类/惊悚·犯罪·动作/警方热线110/2013 - 警方热线110-渔夫之战 Polizeiruf 110 Fischerkrieg	/Volumes/分类/惊悚·犯罪·动作/警方热线110/2013 - 警方热线110-渔夫之战 Polizeiruf 110 Fischerkrieg/警方热线110-渔夫之战.Polizeiruf.110.Fischerkrieg.2013.mp4	2	0	0
/Volumes/分类/惊悚·犯罪·动作/警方热线110/2015 - 警方热线110：圆圈 Polizeiruf 110- Kreise	/Volumes/分类/惊悚·犯罪·动作/警方热线110/2015 - 警方热线110：圆圈 Polizeiruf 110- Kreise/警方热线110：圆圈.Polizeiruf.110-.Kreise.2015.mp4	2	0	0
/Volumes/分类/惊悚·犯罪·动作/随想曲	/Volumes/分类/惊悚·犯罪·动作/随想曲/capricci.avi	1	0	0
/Volumes/分类/惊悚·犯罪·动作/黑色星期天	/Volumes/分类/惊悚·犯罪·动作/黑色星期天/黑色星期天.Black.Sunday.1977.avi	1	0	2
/Volumes/分类/青春·儿童/我的朋友珀西	/Volumes/分类/青春·儿童/我的朋友珀西/Min.van.Percys.magiska.gymnastikskor.1994.avi	2	0	0
/Volumes/分类/青春·儿童/时光与成长	/Volumes/分类/青春·儿童/时光与成长/Beş vakit ('Times and Winds') (2006).avi	1	0	2
